log10_Q,log10_lambda_fixed_w1,log10_lambda_fixed_w3,log10_lambda_fixed_w6,log10_lambda_fixed_w10,log10_lambda_constant_share,log10_lambda_frontier_c1
2.0,2.673508631273111,0.02052589381933334,-3.9589482123613333,-9.264913687268889,2.5787280862298325,-1.3264913687268889
2.1939799331103678,2.981063186719348,0.16726982771657273,-4.05342021078759,-9.681006928793142,2.8460125986798968,-1.4068966795013877
2.387959866220736,3.295434308139056,0.3344634595342235,-4.106992813373025,-10.02893451058269,3.1014877663331775,-1.4804854243024161
2.5819397993311037,3.615555997240668,0.5189087943975892,-4.126062009867029,-10.31935641555319,3.3351786742728553,-1.5483236014215396
2.7759197324414715,3.9405942793807283,0.7181039083762979,-4.115631648130347,-10.560612390139209,3.5329681398765094,-1.611245185502215
2.9698996655518393,4.2698843987964095,0.9300545341818705,-4.079690262739938,-10.759349991969014,3.674349679598106,-1.6699149323072693
3.1638795986622075,4.602887923770762,1.1531453766634572,-4.021468443997501,-10.92095353821211,3.7290943466676185,-1.7248712735536527
3.3578595317725752,4.939162637177082,1.3860497844409458,-3.943619494663259,-11.049845200135529,3.6522584771676136,-1.7765564263680682
3.551839464882943,5.278340895524918,1.6276648270429837,-3.8483492756799187,-11.149701412643788,3.376670113232958,-1.8253380342409675
3.745819397993311,5.620113749896192,1.8770636577153308,-3.737511480555961,-11.223611664917682,2.8015895948054874,-1.8715250460904305
3.939799331103679,5.964219080555125,2.1334599172506596,-3.6126788277060387,-11.274197154314969,1.7755656677250444,-1.9153795816522328
4.133779264214047,6.310432586172432,2.39618070166111,-3.4751971251058738,-11.303700894128518,0.0704815872874116,-1.9571259422556613
4.327759197324415,6.658560841233399,2.664645734402539,-3.326226925843752,-11.314057139505476,-2.657778666658345,-1.9969575534154305
4.521739130434783,7.008435876908265,2.9383511089856613,-3.1667760428982437,-11.306945578743449,-6.928998149282404,-2.0350423839613017
4.7157190635451505,7.359910901029474,3.2168564489078193,-2.9977252292746623,-11.283834133517969,-13.52921833093111,-2.071527226060827
4.909698996655519,7.712856881400867,3.4997746575805255,-2.8198486781499863,-11.246013125790666,-23.64839040111077,-2.1065411119101705
5.103678929765886,8.067159791543983,3.786763655568401,-2.63383054839497,-11.19462282034613,-39.089689634807016,-2.1401980679877903
5.297658862876254,8.422718370495492,4.0775196599814585,-2.4402784057895914,-11.130675826817658,-62.58802702371598,-2.1725993552570166
5.491638795986622,8.779442285656334,4.371771673022511,-2.239734245928222,-11.055075471195867,-98.29505128836962,-2.203835306316911
5.685618729096991,9.137250614687366,4.669276927674137,-2.032683602845708,-10.96863097687217,-152.51814082099685,-2.233986843506615
5.879598662207358,9.496070582189143,4.9698170977379945,-1.8195631289387268,-10.87207009784102,-234.84708442554393,-2.2631267422255736
6.073578595317726,9.855836501515252,5.273195123274853,-1.6007669440857466,-10.766049700566546,-359.872840657589,-2.2913206891202
6.2675585284280935,10.2164888830026,5.579232535295429,-1.3766519862653297,-10.651164681679674,-549.8109778960091,-2.318628173853586
6.461538461538462,10.577973678167908,5.887767188349874,-1.147542546377176,-10.52795552601324,-838.5081145152549,-2.3451032449090166
6.65551839464883,10.94024163572818,6.198651328589218,-0.9137341321192238,-10.396914746397144,-1277.5635594104695,-2.3707951535694805
6.849498327759197,11.303247750160741,6.5117499394454335,-0.6754967766275275,-10.25849239805814,-1945.68744976774,-2.3957489053576535
7.043478260869565,11.666950787290128,6.826939318392123,-0.4330778849548853,-10.113100822750896,-2963.0132293621896,-2.4200057344490027
7.237458193979934,12.031312874340736,7.144105847102475,-0.18670469375491727,-9.96111874823144,-4512.997233827996,-2.4436035136191308
7.431438127090301,12.396299144220837,7.463144924301307,0.06341359442201266,-9.802894845417047,-6875.941846288256,-2.466577109959765
7.625418060200669,12.761877425650363,7.7839600361484145,0.31708395189549066,-9.63875082710841,-10480.332982634216,-2.4889586947509748
7.819397993311037,13.128017972220364,8.106461943416946,0.5741279002118169,-9.468984157395024,-15981.489982612748,-2.51077801440171
8.013377926421406,13.494693224658196,8.430567968288967,0.8343800837351232,-9.293870429003338,-24382.105005170222,-2.532062628184615
8.207357859531772,13.861877601531507,8.75620136646743,1.097687013871317,-9.113665456256832,-37217.051169781946,-2.552838117532038
8.401337792642142,14.229547314403899,9.083290772643132,1.3639059600019774,-8.928607123519562,-56836.827411839586,-2.5731282708803844
8.595317725752508,14.59768020409236,9.411769709267048,1.632903967029078,-8.73891702262155,-86842.43497276555,-2.5929552474126565
8.789297658862877,14.966255595200199,9.741576150149093,1.9045569825724318,-8.544801907529784,-132752.81076952856,-2.6123397225255536
8.983277591973245,15.33525416653103,10.072652131700108,2.178749079453727,-8.346454990208112,-203029.51047342326,-2.6313010174154603
9.177257525083611,15.704657835347728,10.404943405708735,2.45537176125025,-8.14405709802773,-310650.35126913385,-2.6498572148194954
9.371237458193981,16.074449653738384,10.738399128439225,2.734323340490487,-7.937777710107827,-475526.83774706966,-2.668025262649579
9.565217391304348,16.444613715600543,11.072971581584236,3.015508380559776,-7.727775887472834,-728218.8841712631,-2.685821067008153
9.759197324414716,16.815135072964498,11.408615921234635,3.2988371936398373,-7.514201109819897,-1115644.6238587522,-2.7032595758649327
9.953177257525084,17.18599966055242,11.74528995155692,3.584225388063672,-7.297194029927326,-1709859.2073405709,-2.7203548544977494
10.147157190635452,17.557194227619412,12.082953920316433,3.8715934593619608,-7.076887155244002,-2621555.71118816,-2.7371201536514906
10.34113712374582,17.928706276249,12.421570333763716,4.160866420035791,-6.853405464934777,-4020833.4831146584,-2.7535679712426417
10.535117056856187,18.300524005383107,12.761103788724569,4.451973463736763,-6.6268669695803055,-6169153.842709264,-2.769710108329268
10.729096989966555,18.672636259958793,13.101520820010153,4.744847660087196,-6.397383219810081,-9468521.28291758,-2.785557719974319
10.923076923076923,19.04503248460248,13.44278976149975,5.039425676845653,-6.165059769359814,-14537193.107800238,-2.801121361551366
11.117056856187292,19.41770268140037,13.784880619451942,5.3356475265293,-5.9299965973675555,-22326253.376654107,-2.816411030974214
11.31103678929766,19.790637371321807,14.12776495677478,5.633456334954239,-5.6922884941398095,-34299147.136535674,-2.831436207273513
11.505016722408028,20.16382755892293,14.471415787136673,5.932798129457289,-5.452025414115219,-52708238.14645412,-2.8462058858931276
11.698996655518394,20.537264700001405,14.81580747793064,6.233621644824492,-5.209292799317037,-81020911.74779396,-2.8607286110353827
11.892976588628763,20.910940671911106,15.160915661218267,6.535878145179009,-4.964171876206667,-124576220.06858963,-2.8750125053464193
12.08695652173913,21.28484774627837,15.506717151878583,6.839521260278904,-4.716739928520671,-191597002.8240523,-2.889065297199893
12.280936454849499,21.65897856389052,15.853189872273568,7.144506834848137,-4.46707054838577,-294750218.8393342,-2.902894345808477
12.474916387959867,22.03332611155229,16.200312782817406,7.450792789715081,-4.215233867754691,-453552871.497285,-2.9165066643674424
12.668896321070235,22.407883700727933,16.548065817902852,7.758338993665237,-3.961296771984916,-698082454.4235017,-2.9299089414125388
12.862876254180602,22.782644947806215,16.896429826696234,8.067107145031265,-3.705323097188689,-1074700252.4066112,-2.9431075605549895
13.05685618729097,23.157603755842565,17.245386518363812,8.377060662145684,-3.447373812811815,-1654880955.2320747,-2.9561086187393757
13.250836120401338,23.532754297647553,17.594918411337304,8.688164581871934,-3.1875071907485584,-2548836812.7118707,-2.9689179431551236
13.444816053511706,23.908091000104406,17.945008786266392,9.000385465509368,-2.9257789621666603,-3926543232.9669523,-2.9815411069190074
13.638795986622075,24.28360852960984,18.29564164234122,9.31369131143829,-2.6622424630989485,-6050191891.885005,-2.99398344363431
13.832775919732443,24.659301778543046,18.646801656699367,9.628051473933848,-2.396948769753511,-9324290043.086353,-3.0062500609218397
14.02675585284281,25.0351658526769,18.99847414665947,9.943436587633315,-2.129946824401557,-14373012780.791212,-3.0183458530087175
14.220735785953178,25.41119605945377,19.3506450345486,10.259818497190842,-1.861283552619497,-22159650956.752605,-3.0302755124525853
14.414715719063546,25.78738789705556,19.703300814912502,10.57717019169791,-1.5910039725882115,-34171090165.27462,-3.0420435410715303
14.608695652173914,26.1637370442044,20.05642852391754,10.895465743487254,-1.31915129708646,-52702765899.58534,-3.053654260143429
14.802675585284282,26.540239350636018,20.410015710770928,11.214680250973291,-1.0457670287568952,-81298879757.38167,-3.065111819932546
14.996655518394649,26.91689082819336,20.76405041100148,11.534789785213665,-0.7708910491700856,-125432564085.20357,-3.0764202085959385
15.190635451505017,27.293687642492532,21.118521121457533,11.855771339905033,-0.4945617021649653,-193556922068.67285,-3.0875832605175
15.384615384615385,27.670626105117556,21.473416776891124,12.177602784551478,-0.2168158719013853,-298729380812.8568,-3.0986046641132154
15.578595317725753,28.047702666304115,21.828726728009336,12.500262820567162,0.06231094397759662,-461122399784.32074,-3.109487969147391
15.772575250836121,28.42491390807607,22.18444072088373,12.82373094009522,0.3427845657105415,-711904667279.2839,-3.1202365935961702
15.96655518394649,28.80225653780144,22.540548877618363,13.147987387343747,0.624572066977592,-1099241598692.8643,-3.1308538300915387
16.160535117056856,29.179727382137493,22.897041678185058,13.473013122256404,0.9076417143515343,-1697573461664.2012,-3.141342851976218
16.354515050167223,29.557323381337138,23.25390994334252,13.7987897863506,1.1919629103613723,-2621963108797.567,-3.1517067189973074
16.548494983277592,29.93504158389095,23.611144818562487,14.125299670569785,1.477506139912851,-4050285881498.7446,-3.1619483826642334
16.742474916387962,30.31287914148145,23.968737758892495,14.452525685009068,1.7642429198311653,-6257551850929.512,-3.172070691294476
16.93645484949833,30.690833304227993,24.326680514690665,14.780451330384668,2.052145751310011,-9668999511547.426,-3.1820763947686648
17.130434782608695,31.0689014162025,24.684965118172723,15.109060671128056,2.3411880750685015,-14942236097657.42,-3.191968149014889
17.324414715719065,31.4470809111976,25.04358387071653,15.438338309994933,2.6313442290327984,-23094328645350.348,-3.201748520240533
17.51839464882943,31.82536930873037,25.40252933087338,15.7682693640879,2.9225894083739234,-35698464858637.664,-3.211419988928494
17.712374581939798,32.20376421026624,25.761794303039533,16.09883944219947,3.214899627746057,-55188296808907.11,-3.220984953613354
17.906354515050168,32.58226329564844,26.12137182674465,16.430034623388966,3.508251685581385,-85328976027509.22,-3.230445734451895
18.100334448160535,32.96086431971983,26.481255166517357,16.76184143671364,3.802623130308689,-131946248251751.36,-3.2398045766012378
18.294314381270905,33.339565109124884,26.841437802291026,17.09424684204024,4.097992228372526,-204055093923424.22,-3.2490636534169286
18.48829431438127,33.71836355928019,27.20191342031549,17.427238211868435,4.394337933939028,-315607028159253.5,-3.2582250694823514
18.68227424749164,34.09725763150324,27.562675904543163,17.760803314103043,4.691639860182882,-488195421304200.1,-3.26729086348004
18.876254180602007,34.476245350289325,27.923719328459953,18.094930295715887,4.989878252057132,-755244482745823.6,-3.276263010914688
19.070234113712374,34.8553248007278,28.285037947333898,18.42960766724305,5.2890339604552565,-1168496151994116.0,-3.2851434266969495
19.264214046822744,35.23449412604899,28.64662619085601,18.76482428806654,5.589088417680571,-1808056298395182.5,-3.2939339675964914
19.45819397993311,35.61375152529407,29.008478656149776,19.100569352433332,5.890023614144738,-2797954506819127.0,-3.302636434572148
19.65217391304348,35.993095251100456,29.370590101127444,19.436832376167928,6.191822076221911,-4330245427023984.5,-3.311252574986505
19.846153846153847,36.37252360759598,29.732955438172553,19.773603184037416,6.494466845190566,-6702343623444523.0,-3.319784084711713
20.040133779264217,36.75203494839555,30.09556972812977,20.11087189773111,6.797941457199556,-1.0374862756609486e+16,-3.3282326101328876
20.234113712374583,37.13162767469416,30.45842817458415,20.448628924419136,7.102229924199115,-1.6061227122808528e+16,-3.336599750055005
20.42809364548495,37.51130023345107,30.821526118413395,20.78686494585689,7.407316715781555,-2.4866519523759772e+16,-3.3448870575188345
20.62207357859532,37.89105111565959,31.1848590325975,21.125570908004363,7.713186741880179,-3.8502634266571256e+16,-3.353096041531046
20.816053511705686,38.27087885469804,31.548422517271376,21.464738011131377,8.019825336278046,-5.9621694312342664e+16,-3.3612281687133323
21.010033444816056,38.65078202475707,31.912212295006995,21.80435770038188,8.32721824088172,-9.233277720482987e+16,-3.369284864875039
21.204013377926422,39.03075923933931,32.27622420631225,22.144421656771648,8.63535159071752,-1.430027884093582e+17,-3.3772675165135326
21.39799331103679,39.41080914982734,32.64045420533485,22.484921788596118,8.94421189961114,-2.2149782248683514e+17,-3.3851774722462435
21.59197324414716,39.79093044411622,33.004898355760034,22.825850223225746,9.253786046513362,-3.431074184830178e+17,-3.393016044178095
21.785953177257525,40.171121845307276,33.36955282689172,23.167199299268397,9.564061262437292,-5.315275856768076e+17,-3.4007845092077758
21.979933110367895,40.55138211045968,33.734413889907444,23.508961559079097,9.875025117974637,-8.234854714240202e+17,-3.4084841102761154
22.17391304347826,40.93171002939691,34.099477914277685,23.85112974159884,10.186665511360388,-1.2759095876069005e+18,-3.4161160575596137
22.367892976588628,41.312104423565266,34.46474136434129,24.19369677550533,10.498970657057384,-1.9770474739774917e+18,-3.4236815296119874
22.561872909698998,41.692564144941564,34.8302007960287,24.5366557726594,10.811929074833671,-3.063705093850675e+18,-3.4311816744564325
22.755852842809364,42.0730880749876,35.19585285372534,24.88000002183195,11.125529579307432,-4.747980467628602e+18,-3.43861761063113
22.949832775919734,42.45367512364909,35.56169426726834,25.22372298269721,11.439761269935701,-7.358722875591404e+18,-3.4459904281903766
23.1438127090301,42.83432422839662,35.92772184906946,25.567818280078704,11.754613521424375,-1.140583278627918e+19,-3.453301189663583
23.33779264214047,43.21503435330669,36.29393249135819,25.912279698435434,12.070075974538426,-1.7679991945841195e+19,-3.4605509309742515
23.531772575250837,43.59580448818076,36.66032316353893,26.257101176576185,12.38613852729253,-2.7407355324412957e+19,-3.4677406623209146
23.725752508361204,43.976633647700496,37.026890909656665,26.602276802590918,12.70279132650326,-4.248950875826033e+19,-3.474871369021915
23.919732441471574,44.35752087061736,37.39363284596578,26.94780080898841,13.02002475968525,-6.587571189185022e+19,-3.4819440123257897
24.11371237458194,44.73846521897495,37.76054615859711,27.29366756803033,13.337829447274629,-1.0214038621099749e+20,-3.488959530188925
24.30769230769231,45.11946577736256,38.127628101318436,27.639871587252255,13.65619623516401,-1.5837906503895964e+20,-3.4959188380220607
24.501672240802677,45.50052165219823,38.49487599338399,27.986407505162635,13.975116187534155,-2.4559850128261176e+20,-3.5028228294071195
24.695652173913043,45.881631971040306,38.86228721746875,28.333270087111416,14.294580579968297,-3.8087360072684936e+20,-3.5096723767857787
24.889632107023413,46.262795881925726,39.22985921768353,28.68045422132024,14.614580892835846,-5.906943640067947e+20,-3.516468332121098
25.08361204013378,46.64401255273409,39.59758949766716,29.027954915066754,14.93510880493288,-9.161596544696098e+20,-3.5232115275334674
25.27759197324415,47.02528117057624,39.96547561875212,29.375767291015947,15.256156187367715,-1.421037279851006e+21,-3.5299027759120585
25.471571906354516,47.40660094120613,40.333515198200324,29.723886583691613,15.577715097679999,-2.2042728768939885e+21,-3.536542871502903
25.665551839464886,47.78797108845511,40.70170590750578,30.072308136081798,15.89977777418315,-3.419404118215755e+21,-3.5431325904746624
25.859531772575252,48.1693908536874,41.07004547076121,30.421027396371915,16.22233663051952,-5.304693709742976e+21,-3.549672691463098
26.05351170568562,48.55085949527604,41.43853166308565,30.77003991480006,16.545384250419275,-8.229901432736409e+21,-3.5561639160951963
26.24749163879599,48.932376288098126,41.807162309110424,31.119341340628868,16.86891338265346,-1.2768886605820262e+22,-3.5626069894938515
26.441471571906355,49.31394052304874,42.1759352815208,31.468927419228887,17.192916936173006,-1.9812311505693263e+22,-3.5690026207639707
26.635451505016725,49.69555150657264,42.54484849965102,31.818793989268585,17.517387975425336,-3.0742603190818025e+22,-3.575351503460811
26.82943143812709,50.07720856021286,42.91389992813021,32.168936980006244,17.84231971584095,-4.77055784574815e+22,-3.5816543160413232
27.023411371237458,50.45891102017568,43.2830875755772,32.51935240867948,18.167705519482517,-7.403215582424302e+22,-3.5879117222992396
27.217391304347828,50.840658236911054,43.65240949334186,32.87003637798806,18.49353889084965,-1.1489311509999814e+23,-3.5941243717846003
27.411371237458194,51.22244957470801,44.02186377429124,33.2209850736661,18.81981347283257,-1.783157372585361e+23,-3.600292900208382
27.605351170568564,51.60428441130426,44.39144855163855,33.57219476213996,19.14652304280851,-2.7676240243031328e+23,-3.606417929832862
27.79933110367893,51.98616213750955,44.761161997812934,33.92366178826801,19.47366150887477,-4.2958188063012555e+23,-3.612500069848309
27.993311036789297,52.36808215684201,45.13100232336883,34.27538257315907,19.801222906212722,-6.668159272015181e+23,-3.6185399167365873
28.187290969899667,52.75004388517714,45.50096777593276,34.62735361206618,20.12920139357741,-1.0351107734866913e+24,-3.6245380546221924
28.381270903010034,53.132046750408804,45.871056639186286,34.979571472352504,20.457591249907452,-1.606897819325407e+24,-3.630495055611261
28.575250836120404,53.51409019212178,46.24126723188372,35.33203279152663,20.78638687105051,-2.4946520657593577e+24,-3.6364114801190297
28.76923076923077,53.89617366127533,46.6115979069029,35.684734275344255,21.115582766599402,-3.8730376322694166e+24,-3.6422878771862135
28.96321070234114,54.27829661989752,46.982047050328,36.03767269597372,21.445173556834675,-6.013304500639099e+24,-3.6481247847847604
29.157190635451506,54.66045854078961,47.35261308056282,36.390844890222624,21.775153969769036,-9.336716166397401e+24,-3.6539227301133974
29.351170568561873,55.042658907240366,47.72329444747362,36.74424775782349,22.10551883828998,-1.4497540805209653e+25,-3.6596822298833764
29.545150501672243,55.42489721274968,48.09408963156005,37.09787825977561,22.43626309739637,-2.2511969544631034e+25,-3.665403790594812
29.73913043478261,55.80717296076124,48.4649971431533,37.45173341674138,22.767381781525486,-3.4958385449035982e+25,-3.6710879088039734
29.93311036789298,56.18948566440407,48.836015521640284,37.80581030749461,23.098870021967045,-5.428848452289944e+25,-3.6767350713818914
30.127090301003346,56.57183484624208,49.20714333471287,38.160106067419036,23.430723044360597,-8.431062510387631e+25,-3.6823457557646093
30.321070234113712,56.95422003803202,49.57837917764121,38.514617887054996,23.76293616627337,-1.3094077443946598e+26,-3.687920430195405
30.515050167224082,57.33664078048888,49.9497216725703,38.86934301069243,24.095504794855273,-2.0336924504345124e+26,-3.693459553959289
30.70903010033445,57.719096623058824,50.321169467838686,39.22427873500847,24.428424424568185,-3.158735037286602e+26,-3.698963577610071
30.90301003344482,58.10158712369935,50.69272123731879,39.579422407747956,24.761690634986827,-4.906349120714791e+26,-3.7044329431902807
31.096989966555185,58.48411184866617,51.064375679777754,39.934771426445145,25.095299088668334,-7.621155281848984e+26,-3.709868084444204
31.290969899665555,58.866670372306814,51.436131518258215,40.29032323718532,25.429245529088128,-1.1838592513779617e+27,-3.7152694270242983
31.48494983277592,59.24926227686061,51.80798749947816,40.646075333404475,25.76352577863956,-1.8390605340920163e+27,-3.720637388691228
31.678929765886288,59.63188715226482,52.179942393249306,41.002025254726036,26.098135736695014,-2.856988303013565e+27,-3.7259723795077564
31.872909698996658,60.0145445959666,52.551994991913155,41.358170585832994,26.433071377726115,-4.4385098106915605e+27,-3.73127480202672
32.06688963210702,60.39723421274074,52.92414410979414,41.71450895537424,26.76832874948105,-6.895757692183234e+27,-3.7365450514732994
32.26086956521739,60.779955614512986,53.296388582669394,42.071038034904014,27.10390397121683,-1.0713779241227269e+28,-3.741783515921795
32.45484949832776,61.16270842018842,53.66872726725422,42.42775553785292,27.439793231984517,-1.664635285808984e+28,-3.7469905764671005
32.64882943143813,61.545492255485186,54.04115904070304,42.784659218529825,27.77599278896554,-2.5864912522418387e+28,-3.752166607391072
32.8428093645485,61.92830675277303,54.4136828001251,43.1417468711532,28.112498965857334,-4.019002372512714e+28,-3.7573119763239666
33.03678929765886,62.3111515509166,54.78629746211435,43.49901632891097,28.449308151306468,-6.245118186377745e+28,-3.762427044401126
33.23076923076923,62.69402629512339,55.15900196229323,43.856465463048,28.786416797387695,-9.704608808895004e+28,-3.7675121664150772
33.424749163879596,63.07693063679599,55.531795254869586,44.21409218197998,29.123821418127164,-1.508100224430285e+29,-3.772567690963203
33.618729096989966,63.459864233388785,55.904676312206504,44.57189443043307,29.461518588068493,-2.3436729247636242e+29,-3.777593960591144
33.812709030100336,63.84282674826861,56.27764412440446,44.929870188608255,29.799504940879977,-3.6423213566691486e+29,-3.7825913119320695
34.006688963210706,64.22581785057945,56.6506976988955,45.288017471369585,30.137777168001705,-5.660747865474218e+29,-3.787560075841971
34.20066889632107,64.60883721511104,57.02383606004883,45.64633432745552,30.476332017331103,-8.797990602143419e+29,-3.7925005775311034
34.39464882943144,64.99188452217116,57.39705824878774,46.004818838712595,30.815166291945744,-1.3674364346224137e+30,-3.797413136691713
34.58862876254181,65.37495945746144,57.77036332221711,46.363469119350604,31.154276848861926,-2.125419275590921e+30,-3.802298067622169
34.78260869565217,65.75806171195671,58.14375035326146,46.722283315218576,31.493660597828068,-3.3036630209557537e+30,-3.8071556793476278
34.97658862876254,66.14119098178774,58.517218430313065,47.08125960310104,31.833314500151673,-5.135235643069305e+30,-3.811986275737341
35.17056856187291,66.5243469681271,58.89076665688967,47.44039619003352,32.17323556755865,-7.982489762720538e+30,-3.8167901556187176
35.36454849498328,66.9075293770783,59.26439415130181,47.79969131263705,32.513420861084036,-1.240879399645704e+31,-3.8215676128882525
35.558528428093645,67.29073791956787,59.638100046329036,48.15914323647078,32.85386748999311,-1.929007188083763e+31,-3.8263189366194186
35.752508361204015,67.6739723112404,60.011883488905156,48.51875025540229,33.1945726107318,-2.9988244411900354e+31,-3.8310444111676234
35.946488294314385,68.05723227235644,60.385743639811785,48.8785106909948,33.535533425905484,-4.6620939632170225e+31,-3.835744316272329
36.14046822742475,68.44051752769307,60.759679673380234,49.23842289191097,33.87674718328528,-7.2480912126766355e+31,-3.840418927156421
36.33444816053512,68.82382780644731,61.13369077720147,49.59848523333271,34.21821117484103,-1.1268829018418668e+32,-3.84506851462292
36.52842809364549,69.20716284214186,61.50777615184363,49.958696116396275,34.55992273579981,-1.752049238926955e+32,-3.8496933451491167
36.72240802675586,69.5905223725335,61.881935010577074,50.31905396764243,34.90187924372958,-2.7241189820448584e+32,-3.8542936809782136
36.91638795986622,69.97390613952389,62.256166579106775,50.6795572384811,35.24407811764687,-4.23562941764853e+32,-3.8588697802085568
37.11036789297659,70.35731388907266,62.63047009531161,51.040204404670035,35.58651681714794,-6.5860015823041e+32,-3.8634218968805243
37.30434782608696,70.74074537111277,63.00484480899047,51.40099396580701,35.929192841562404,-1.0240886944885421e+33,-3.8679502810611517
37.49832775919732,71.12420033946809,63.37928998161495,51.76192444483526,36.27210372912901,-1.592447252652782e+33,-3.872455178926564
37.69230769230769,71.50767855177311,63.753804886088545,52.122994387561704,36.61524705619259,-2.4763051568611825e+33,-3.87693683284228
37.88628762541806,71.89117976939467,64.12838880651177,52.484202362187396,36.958620436421576,-3.8508337625450294e+33,-3.881395481441455
38.08026755852843,72.27470375735574,64.5030410379535,52.84554695885012,37.30222152004562,-5.988482225503057e+33,-3.885831359701125
38.274247491638796,72.65825028426107,64.87776088622805,53.207026789178485,37.64604799311242,-9.313009121318749e+33,-3.890244699016517
38.468227424749166,73.04181912222485,65.25254766767789,53.56864048585746,37.99009757676353,-1.4483530802326883e+34,-3.8946357272734797
38.662207357859536,73.42541004679998,65.6274007089618,53.930386702204544,38.334368026528196,-2.2525265031745227e+34,-3.899004668919088
38.8561872909699,73.8090228369093,66.00231934684834,54.29226411175688,38.67885713163493,-3.5032917361192395e+34,-3.903351745030487
39.05016722408027,74.19265727477851,66.37730292801447,54.654271407868414,39.02356271434033,-5.448707864260332e+34,-3.907677173382021
39.24414715719064,74.57631314587059,66.7523508088492,55.01640730331712,39.36848262927435,-8.474643913237627e+34,-3.911981168510693
39.438127090301,74.95999023882199,67.12746235526194,55.37867052992189,39.71361476280181,-1.3181353451842454e+35,-3.9162639417800196
39.63210702341137,75.34368834538043,67.5026369424958,55.741059838168866,40.05895703239962,-2.0502605667708906e+35,-3.9205257014423127
39.82608695652174,75.72740726034404,67.87787395494516,56.10357399684683,40.40450738604907,-3.1891027816420497e+35,-3.9247666526994416
40.02006688963211,76.1111467815021,68.25317278597785,56.46621179269149,40.750263801642994,-4.960646465688249e+35,-3.928986997762123
40.214046822742475,76.49490670957718,68.62853283776164,56.82897203003832,41.09622428640724,-7.716462340071892e+35,-3.933186935907771
40.408026755852845,76.87868684816873,69.0039535210948,57.19185353048391,41.442386876336066,-1.200351142770961e+36,-3.9373666635369626
40.602006688963215,77.26248700369788,69.3794342552408,57.55485513255516,41.78874963564098,-1.8672754528734282e+36,-3.9415263742285447
40.79598662207358,77.64630698535372,69.75497446776686,57.917975691386566,42.13531065621284,-2.904814333275092e+36,-3.9456662587934317
40.98996655518395,78.03014660504077,70.13057359438652,58.28121407840515,42.48206805709665,-4.5189567904960446e+36,-3.9497865053271246
41.18394648829432,78.41400567732764,70.50623107880565,58.644569181022675,42.829019983978704,-7.030200720963498e+36,-3.9538872992609932
41.37792642140469,78.79788401939703,70.88194637257233,59.00803990233528,43.17616460868587,-1.093721868865404e+37,-3.95796882341235
41.57190635451505,79.18178145099674,71.25771893493003,59.37162516082996,43.52350012869653,-1.7015926919510946e+37,-3.962031258033357
41.76588628762542,79.56569779439205,71.63354823267447,59.7353238900981,43.87102476666295,-2.6473647591481868e+37,-3.9660747808587895
41.95986622073579,79.94963287431888,72.00943374001349,60.09913503855539,44.2187367699446,-4.118900713189792e+37,-3.9700995671526984
42.15384615384615,80.33358651793831,72.38537493843033,60.463057569168356,44.566634410152396,-6.4085259191290155e+37,-3.9741057897539913
42.34782608695652,80.71755855479208,72.76137131655014,60.82709045918722,44.91471598270333,-9.971125066222092e+37,-3.9780936191209717
42.54180602006689,81.10154881675894,73.13742237000922,61.191232699884644,45.26297980638521,-1.5514553971795934e+38,-3.9820632233748574
42.735785953177256,81.4855571380122,73.51352760132758,61.55548329630066,45.61142422293142,-2.4140344037937105e+38,-3.9860147683423093
42.929765886287626,81.86958335497825,73.88968651978425,61.91984126699325,45.96004759660525,-3.756267941032999e+38,-3.989948417597
43.123745819397996,82.25362730629575,74.26589864129527,62.284305643794546,46.30884831379358,-5.844919569612506e+38,-3.993864332500241
43.317725752508366,82.63768883277604,74.64216348829463,62.648875471572524,46.65782478260971,-9.09513820091147e+38,-3.997762672240702
43.51170568561873,83.02176777736422,75.01848058961774,63.01354980799802,47.00697543250506,-1.4153008739991886e+39,-4.00164359387324
43.7056856187291,83.40586398510133,75.39484948038759,63.378327723317,47.35629871388953,-2.202403450179162e+39,-4.005507252356867
43.89966555183947,83.78997730308706,75.77126970190331,63.74320830012768,47.70579309776018,-3.427311180634844e+39,-4.009353800591876
44.09364548494983,84.17410758044352,76.14774080153123,64.10819063316278,48.05545707533818,-5.333578315168634e+39,-4.013183389456148
44.2876254180602,84.55825466827974,76.52426233259841,64.47327382907642,48.40528915771375,-8.300270009971051e+39,-4.016996167840665
44.48160535117057,84.9424184196569,76.90083385428842,64.83845700623571,48.75528787549875,-1.291736989573597e+40,-4.020792282684239
44.67558528428094,85.32659868955439,77.27745493153938,65.2037392945169,49.105451778486895,-2.0103155452579685e+40,-4.024571879007499
44.869565217391305,85.71079533483649,77.65412513494422,65.56911983510585,49.45577943532135,-3.1286901406356417e+40,-4.028335099946126
45.063545150501675,86.09500821421996,78.0308440406532,65.93459778030302,49.80626943316948,-4.869327590739751e+40,-4.032082086783387
45.257525083612045,86.47923718824214,78.40761123027823,66.30017229333237,50.15692037740456,-7.578503932449729e+40,-4.035812978981953
45.45150501672241,86.86348211922976,78.78442629079964,66.66584254815447,50.50773089129425,-1.1795217289498986e+41,-4.039527914215056
45.64548494983278,87.2477428712686,79.16128881447466,67.03160772928378,50.858699615695926,-1.8358463137739776e+41,-4.043227028396963
45.83946488294315,87.63201931017348,79.53819839874784,67.39746703160938,51.209825208758105,-2.8574230337558853e+41,-4.046910455712819
46.03344481605351,88.01631130345916,79.91515464616347,67.76341966021991,51.5611063456285,-4.447546914683136e+41,-4.050578328647852
46.22742474916388,88.4006187203118,80.29215716427986,68.12946483023195,51.912541718168086,-6.922679832110949e+41,-4.054230778015968
46.42140468227425,88.78494143156077,80.66920556558529,68.49560176662206,52.264130034671105,-1.0775454612878405e+42,-4.057867932987739
46.61538461538462,89.16927930965142,81.04629946741576,68.86182970406229,52.615870019590986,-1.6772760319229916e+42,-4.0614899211178255
46.80936454849498,89.55363222861816,81.42343849187455,69.22814788675913,52.96776041327192,-2.61084446488806e+42,-4.065096868371805
47.00334448160535,89.93800006405824,81.8006222657533,69.5945555682959,53.31979997168604,-4.06410498483262e+42,-4.068688899152467
47.19732441471572,90.3223826931059,82.17785042045477,69.9610520114781,53.671987466175885,-6.326393956113907e+42,-4.072266136325556
47.391304347826086,90.70677999440719,82.55512259191721,70.32763648818224,54.024321683202295,-9.848155182556389e+42,-4.075828701244988
47.585284280936456,91.09119184809536,82.93243842054025,70.6943082792076,54.37680142409739,-1.533065852325204e+43,-4.0793767137775525
47.779264214046826,91.47561813576654,83.30979755111231,71.06106667413096,54.72942550482251,-2.38656877439284e+43,-4.0829102923271146
47.973244147157196,91.86005874045607,83.68719963273944,71.42791097116447,55.08219275573119,-3.715303155356376e+43,-4.08642955385832
48.16722408026756,92.24451354661528,84.06464431877562,71.79484047701612,55.4351020213368,-5.783911770593386e+43,-4.089934613919832
48.36120401337793,92.62898244008876,84.44213126675459,72.16185450675331,55.78815216008494,-9.004427511648514e+43,-4.093425586667092
48.5551839464883,93.01346530809197,84.81966013832272,72.52895238366884,56.14134204413035,-1.4018370699964279e+44,-4.096902584884625
48.74916387959866,93.39796203918941,85.19723059917358,72.89613343914985,56.49467055911819,-2.182458055451687e+44,-4.100365720007913
48.94314381270903,93.78247252327324,85.57484231898361,73.26339701254916,56.848136603969905,-3.397826098527654e+44,-4.103815102144816
49.1371237458194,94.16699665154222,85.95249497134907,73.63074245105932,57.20173909067301,-5.290091842063227e+44,-4.1072508400965795
49.33110367892977,94.55153431648111,86.33018823372424,73.99816910958896,57.55547694407524,-8.236297864395533e+44,-4.110673041378431
49.525083612040135,94.93608541184051,86.70792178736099,74.36567635064169,57.909349101682636,-1.2823529998586097e+45,-4.114081812239763
49.719063545150505,95.32064983261708,87.08569531724922,74.73326354419744,58.26335451346172,-1.9965941876422176e+45,-4.1174772576839285
49.913043478260875,95.70522747503409,87.4635085120588,75.10093006759584,58.61749214164525,-3.108698643615481e+45,-4.12085948148765
50.10702341137124,96.08981823652242,87.84136106408232,75.46867530542218,58.97176096054198,-4.840319220514463e+45,-4.12422858622005
50.30100334448161,96.4744220157019,88.21925266917927,75.83649864939534,59.326159956350075,-7.536607428002526e+45,-4.127584673261314
50.49498327759198,96.85903871236296,88.59718302672096,76.20439949825797,59.680688126973976,-1.1735031031494002e+46,-4.130927842820998
50.68896321070234,97.24366822744871,88.97515183953675,76.57237725766882,60.035344481844895,-1.8272543308837335e+46,-4.134258193955978
50.88294314381271,97.62831046303735,89.35315881386121,76.940431340097,60.39012804174474,-2.845247940784387e+46,-4.137575824588068
51.07692307692308,98.01296532232487,89.7312036592823,77.30856116471843,60.74503783863328,-4.430447017774671e+46,-4.140880831521288
51.27090301003345,98.39763270960809,90.10928608869045,77.676766157314,61.10007291547873,-6.898922098372552e+46,-4.144173310458817
51.46488294314381,98.782312530268,90.48740581822875,78.04504575016989,61.45523232609139,-1.074289055519191e+47,-4.147453356019623
51.65886287625418,99.1670046907536,90.86556256724404,78.41339938197973,61.81051513496064,-1.6728894085692717e+47,-4.150721061754773
51.85284280936455,99.55170909856565,91.24375605823876,78.78182649774843,62.16592041709463,-2.6050702272359964e+47,-4.1539765201634475
52.046822742474916,99.93642566224118,91.62198601682388,79.15032654869793,62.52144725786332,-4.056745072308849e+47,-4.157219822708651
52.240802675585286,100.32115429133795,92.00025217167268,79.5188989921748,62.877094752844265,-6.317453178466348e+47,-4.1604510598326305
52.434782608695656,100.70589489641931,92.37855425447529,79.88754329155927,63.23286200767125,-9.838124957582808e+47,-4.163670320972006
52.628762541806026,101.09064738903942,92.75689199989417,80.25625891617628,63.58874813788577,-1.53210517924448e+48,-4.166877694572628
52.82274247491639,101.47541168172862,93.13526514552031,80.62504534120784,63.94475226879122,-2.386001580669767e+48,-4.170073268104156
53.01672240802676,101.86018768797915,93.5136734318304,80.99390204760729,64.3008735353098,-3.715854756542025e+48,-4.173257128074371
53.21070234113713,102.24497532223103,93.89211660214457,81.36282852201487,64.65711108184195,-5.786987540175265e+48,-4.1764293600432305
53.40468227424749,102.62977449985833,94.270594402585,81.73182425667503,65.01346406212839,-9.012642326589723e+48,-4.179590048636659
53.59866220735786,103.01458513715562,94.64910658203542,82.10088874935512,65.36993163911472,-1.403645555181589e+49,-4.1827392775601
53.79264214046823,103.39940715132465,95.02765289210102,82.47002150326557,65.72651298481833,-2.1860921353795885e+49,-4.185877129611814
53.986622073578594,103.78424046046125,95.40623308706937,82.83922202698153,66.08320728019777,-3.40474912083945e+49,-4.1890036866959415
54.180602006688964,104.1690849835426,95.78484692387194,83.20848983436596,66.44001371502463,-5.302826011847336e+49,-4.192119029835329
54.374581939799334,104.55394064041454,96.16349416204628,83.57782444449387,66.79693148775735,-8.25914719849604e+49,-4.1952232391841315
54.568561872909704,104.93880735177923,96.54217456369886,83.94722538157832,67.1539598054176,-1.2863778756809825e+50,-4.198316394040181
54.76254180602007,105.32368503918299,96.92088789346869,84.31669217489724,67.51109788346866,-2.0035833120514855e+50,-4.201398572857148
54.95652173913044,105.7085736250044,97.29963391849145,84.68622435872203,67.86834494569615,-3.1206976842588478e+50,-4.204469853256473
55.15050167224081,106.0934730324425,97.6784124083643,85.05582147224698,68.22570022409056,-4.860728931189628e+50,-4.207530312039105
55.34448160535117,106.47838318550532,98.05722313511129,85.42548305952025,68.58316295873217,-7.57105635629751e+50,-4.210580025197016
55.53846153846154,106.86330400899855,98.43606587314949,85.7952086693759,68.94073239767776,-1.1792798845811584e+51,-4.213619067924531
55.73244147157191,107.24823542851438,98.81494039925548,86.16499785536715,69.29840779684935,-1.8368876761245577e+51,-4.216647514629447
55.92642140468228,107.6331773704206,99.19384649253267,86.53485017570078,69.65618841992493,-2.8612352799130816e+51,-4.219665438943963
56.12040133779264,108.01812976184985,99.57278393437899,86.9047651931727,70.01407353823097,-4.4568679529939366e+51,-4.222672913735431
56.31438127090301,108.40309253068912,99.95175250845533,87.27474247510463,70.37206243063702,-6.942424277800374e+51,-4.2256700111169
56.50836120401338,108.78806560556926,100.33075200065426,87.64478159328175,70.73015438345172,-1.0814281966185426e+52,-4.228656802457504
56.702341137123746,109.17304891585485,100.70978219906955,88.01488212389161,71.08834869032101,-1.6845710934630097e+52,-4.2316333583926475
56.896321070234116,109.55804239163419,101.08884289396612,88.385043647464,71.44664465212784,-2.6241344453871207e+52,-4.234599748834039
57.090301003344486,109.94304596370944,101.46793387775037,88.75526574881177,71.80504157689363,-4.087783327769258e+52,-4.237556042979534
57.284280936454856,110.32805956358688,101.84705494494122,89.12554801697273,72.1635387796814,-6.367877027339449e+52,-4.240502309322831
57.47826086956522,110.71308312346746,102.22620589214148,89.49589004515254,72.5221355825006,-9.919880670475552e+52,-4.243438615662984
57.67224080267559,111.0981165762374,102.60538651800988,89.86629143066857,72.8808313142135,-1.5453368977432274e+53,-4.246365029113768
57.86622073578596,111.48315985545904,102.98459662323326,90.2367517748946,73.23962531044306,-2.407380918670882e+53,-4.249281616112886
58.06020066889632,111.86821289536164,103.3638360104996,90.60727068320656,73.59851691348251,-3.7503459747614617e+53,-4.252188442431013
58.25418060200669,112.25327563083268,103.74310448447127,90.97784776492917,73.95750547220636,-5.842553549759333e+53,-4.255085573180702
58.44816053511706,112.638347997409,104.12240185175874,91.34848263328335,74.31659034198283,-9.102043042107462e+53,-4.257973072825129
58.642140468227424,113.02342993126814,104.50172792089474,91.71917490533463,74.6757708845878,-1.4180118227442429e+54,-4.260851005186704
58.836120401337794,113.40852136922005,104.88108250230898,92.08992420194238,75.03504646812024,-2.209151859589924e+54,-4.2637194334555355
59.030100334448164,113.79362224869858,105.26046540830308,92.46073014770982,75.39441646691883,-3.441723764192298e+54,-4.26657842019775
59.224080267558534,114.17873250775338,105.639876453026,92.83159237093494,75.75388026148019,-5.3620534655032726e+54,-4.269428027363688
59.4180602006689,114.56385208504184,106.01931545244994,93.20251050356208,76.11343723837827,-8.353931862698849e+54,-4.2722683162959525
59.61204013377927,114.9489809198212,106.39878222434652,93.57348418113452,76.47308679018516,-1.3015334857730057e+55,-4.275099347737337
59.80602006688964,115.33411895194065,106.77827658826342,93.94451304274759,76.83282831539313,-2.027796467447552e+55,-4.277921181838615
60.0,115.71926612183378,107.15779836550135,94.31559673100271,77.19266121833786,-3.1593515014426255e+55,-4.280733878166214
