p,q,window_len,G_local,A_worst,surplus,destroyed,surviving,waste_ratio,max_cluster_in_width_p,max_cons_destroyed_run,d_head,main_term,E_q,destruction_rate,gap_2_over_p,residue_max_dev,endpoint_bias
3,5,20,9,3,6,6,3,-1.0,2,2,0,3.333333333333334,5.666666666666666,0.6666666666666666,0.6666666666666666,0.0,0.0
5,7,42,6,2,4,2,4,0.0,1,1,4,4.2,1.7999999999999998,0.3333333333333333,0.4,0.8,0.1428571428571429
7,11,110,11,4,7,3,8,0.25,2,2,0,7.8571428571428585,3.1428571428571415,0.2727272727272727,0.2857142857142857,1.4285714285714286,0.01666666666666672
11,13,156,9,2,7,0,9,1.0,2,0,4,9.116883116883118,-0.11688311688311792,0.0,0.18181818181818182,1.1818181818181817,0.5
13,17,272,18,3,15,2,16,0.3333333333333333,2,1,0,13.450549450549453,4.5494505494505475,0.1111111111111111,0.15384615384615385,1.6153846153846154,0.04597701149425282
17,19,342,17,2,15,0,17,1.0,2,0,10,14.922430510665807,2.077569489334193,0.0,0.11764705882352941,1.0,0.5074626865671642
19,23,506,23,2,21,2,21,0.0,3,1,6,19.75419317524581,3.2458068247541902,0.08695652173913043,0.10526315789473684,1.2105263157894737,0.5053763440860215
23,29,812,29,3,26,0,29,1.0,3,0,0,28.943847914099635,0.05615208590036502,0.0,0.08695652173913043,1.7391304347826086,0.4142857142857143
29,31,930,31,2,29,1,30,0.5,3,1,10,30.863768520598008,0.13623147940199232,0.03225806451612903,0.06896551724137931,1.9310344827586208,0.09740259740259738
31,37,1332,41,4,37,0,41,1.0,3,0,4,41.35295353498647,-0.35295353498646875,0.0,0.06451612903225806,1.6774193548387097,0.3867924528301887
37,41,1640,49,3,46,1,48,0.6666666666666666,3,1,0,48.16288314479797,0.8371168552020265,0.02040816326530612,0.05405405405405406,1.6756756756756757,0.05249343832020997
41,43,1806,50,2,48,0,50,1.0,3,0,16,50.450691722497034,-0.4506917224970337,0.0,0.04878048780487805,1.7804878048780488,0.36764705882352944
43,47,2162,62,2,60,1,61,0.5,4,1,12,57.586471653475265,4.4135283465247355,0.016129032258064516,0.046511627906976744,1.558139534883721,0.10883280757097791
47,53,2756,75,3,72,1,74,0.6666666666666666,4,1,6,70.28435269218811,4.715647307811892,0.013333333333333334,0.0425531914893617,2.404255319148936,0.0445004198152813
53,59,3422,87,3,84,0,87,1.0,4,0,0,83.97572227008006,3.0242777299199446,0.0,0.03773584905660377,2.3584905660377355,0.3670886075949367
59,61,3660,91,2,89,0,91,1.0,4,0,10,86.7716132898003,4.2283867101997,0.0,0.03389830508474576,2.4576271186440675,0.3611111111111111
61,67,4422,112,4,108,2,110,0.5,5,1,4,101.39989413277038,10.600105867229615,0.017857142857142856,0.03278688524590164,3.163934426229508,0.12352941176470589
67,71,4970,123,3,120,2,121,0.3333333333333333,5,1,0,110.5639907639262,12.4360092360738,0.016260162601626018,0.029850746268656716,2.164179104477612,0.29337379868487606
71,73,5256,124,2,122,1,123,0.5,5,1,28,113.63272351406619,10.367276485933814,0.008064516129032258,0.028169014084507043,3.2535211267605635,0.1390101892285298
73,79,6162,138,3,135,0,138,1.0,5,0,22,129.57023363475267,8.429766365247332,0.0,0.0273972602739726,3.1095890410958904,0.3480453972257251
79,83,6806,152,2,150,0,152,1.0,5,0,18,139.4887320389479,12.511267961052113,0.0,0.02531645569620253,3.0759493670886076,0.3510392609699769
83,89,7832,166,2,164,0,166,1.0,5,0,12,156.6486971022242,9.35130289777581,0.0,0.024096385542168676,2.0,0.3391215526046987
89,97,9312,188,4,184,1,187,0.75,5,1,4,182.0649396672601,5.9350603327399085,0.005319148936170213,0.02247191011235955,2.8876404494382024,0.07895888013998248
97,101,10100,202,3,199,0,202,1.0,7,0,0,193.40005758088006,8.599942419119941,0.0,0.020618556701030927,2.917525773195876,0.3284552845528455
101,103,10506,208,2,206,0,208,1.0,6,0,4,197.1907062930378,10.809293706962194,0.0,0.019801980198019802,2.0594059405940595,0.32755905511811023
103,107,11342,219,3,216,1,218,0.6666666666666666,7,1,0,208.74824748164167,10.25175251835833,0.0045662100456621,0.019417475728155338,2.8737864077669903,0.010562515352493251
107,109,11772,224,2,222,1,223,0.5,7,1,28,212.61258607257284,11.387413927427161,0.004464285714285714,0.018691588785046728,3.9065420560747666,0.1793128131710809
109,113,12656,234,2,232,0,234,1.0,7,0,24,224.38429796000895,9.61570203999105,0.0,0.01834862385321101,2.853211009174312,0.31283422459893045
113,127,16002,276,5,271,0,276,1.0,7,0,10,278.6857725260418,-2.6857725260417737,0.0,0.017699115044247787,3.5575221238938055,0.2980561555075594
127,131,17030,289,2,287,1,288,0.5,7,1,6,291.9184010782173,-2.9184010782173004,0.0034602076124567475,0.015748031496062992,2.7244094488188977,0.2031330251669235
131,137,18632,317,3,314,2,315,0.3333333333333333,7,1,0,314.5029430357409,2.497056964259116,0.006309148264984227,0.015267175572519083,3.5801526717557253,0.3664772727272727
137,139,19182,320,2,318,0,320,1.0,8,0,10,319.05997459713905,0.9400254028609538,0.0,0.014598540145985401,4.664233576642336,0.29643353404353867
139,149,22052,367,4,363,2,365,0.5,8,1,0,361.51988513467256,5.480114865327437,0.005449591280653951,0.014388489208633094,3.3597122302158273,0.20150467669784466
149,151,22650,375,2,373,1,374,0.5,8,1,28,366.3392729905486,8.66072700945142,0.0026666666666666666,0.013422818791946308,3.4832214765100673,0.20167064439140814
151,157,24492,395,3,392,1,394,0.6666666666666666,8,1,22,390.8848558217017,4.115144178298294,0.002531645569620253,0.013245033112582781,3.384105960264901,0.04030662710187932
157,163,26406,412,3,409,1,411,0.6666666666666666,8,1,16,416.06315566406647,-4.063155664066471,0.0024271844660194173,0.012738853503184714,3.375796178343949,0.047321531875506195
163,167,27722,432,2,430,0,432,1.0,8,0,12,431.4390694372768,0.560930562723172,0.0,0.012269938650306749,3.3496932515337425,0.28732956434985035
167,173,29756,455,3,452,0,455,1.0,8,0,6,457.5482877644845,-2.548287764484485,0.0,0.011976047904191617,5.275449101796408,0.2839313572542902
173,179,31862,481,3,478,1,480,0.6666666666666666,9,1,0,484.26761283731827,-3.267612837318268,0.002079002079002079,0.011560693641618497,3.2196531791907512,0.05030891438658425
179,181,32580,493,2,491,1,492,0.5,8,1,10,489.64768669714437,3.3523133028556344,0.002028397565922921,0.0111731843575419,3.2458100558659218,0.21609559458681254
181,191,36290,542,5,537,1,541,0.8,8,1,0,539.3790218879574,2.6209781120426214,0.0018450184501845018,0.011049723756906077,4.0055248618784525,0.08295484207778647
191,193,37056,548,2,546,1,547,0.5,8,1,4,544.9969324522424,3.0030675477576096,0.0018248175182481751,0.010471204188481676,3.130890052356021,0.2192622950819672
193,197,38612,567,3,564,0,567,1.0,8,0,0,561.9968429195222,5.003157080477763,0.0,0.010362694300518135,4.062176165803109,0.2801383399209486
197,199,39402,574,2,572,0,574,1.0,8,0,28,567.6729891340462,6.327010865953753,0.0,0.01015228426395939,5.086294416243655,0.27857316185391895
199,211,44310,626,3,623,0,626,1.0,8,0,16,631.9676728983134,-5.967672898313367,0.0,0.010050251256281407,3.8542713567839195,0.2731239092495637
211,223,49506,687,5,682,2,685,0.6,9,1,4,699.3825329546266,-12.38253295462664,0.002911208151382824,0.009478672985781991,3.744075829383886,0.12867298578199055
223,227,51302,709,3,706,1,708,0.6666666666666666,9,1,0,718.2549887005637,-9.254988700563672,0.0014104372355430183,0.008968609865470852,3.820627802690583,0.062153375406387434
227,229,52212,716,2,714,0,716,1.0,9,0,10,724.5549787290165,-8.554978729016511,0.0,0.00881057268722467,4.845814977973568,0.26973064607270675
229,233,54056,733,2,731,1,732,0.5,9,1,6,743.5930062882603,-10.593006288260312,0.001364256480218281,0.008733624454148471,4.799126637554585,0.232188527584947
233,239,56882,765,3,762,1,764,0.6666666666666666,9,1,0,775.7509344650468,-10.75093446504684,0.00130718954248366,0.008583690987124463,4.716738197424893,0.06696843082636955
239,241,57840,774,2,772,2,772,0.0,9,1,28,782.2150700379381,-8.215070037938062,0.002583979328165375,0.008368200836820083,4.7615062761506275,0.7345679012345678
241,251,62750,819,3,816,1,818,0.6666666666666666,9,1,18,841.5743357786587,-22.57433577865868,0.001221001221001221,0.008298755186721992,4.601659751037344,0.07208931419457731
251,257,65792,851,3,848,0,851,1.0,9,0,12,875.3413956088207,-24.341395608820676,0.0,0.00796812749003984,5.609561752988048,0.26008557457212717
257,263,68906,880,3,877,2,878,0.3333333333333333,10,1,6,909.6377501507201,-29.63775015072008,0.0022727272727272726,0.007782101167315175,4.575875486381323,0.4084885824654051
263,269,72092,921,3,918,0,921,1.0,10,0,0,944.4593457008524,-23.459345700852396,0.0,0.0076045627376425855,4.49809885931559,0.259144625773776
269,271,73170,928,2,926,1,927,0.5,10,1,10,951.4549519622838,-23.454951962283758,0.0010775862068965517,0.007434944237918215,4.5501858736059475,0.24211477004307352
271,277,76452,957,4,953,0,957,1.0,11,0,4,986.7951720688928,-29.79517206889284,0.0,0.007380073800738007,4.468634686346864,0.2555407209612817
277,281,78680,978,3,975,1,977,0.6666666666666666,11,1,0,1008.2203079336929,-30.22030793369288,0.0010224948875255625,0.007220216606498195,4.469314079422382,0.07887775898703436
281,283,79806,988,2,986,0,988,1.0,11,0,28,1015.3704424016199,-27.370442401619925,0.0,0.0071174377224199285,4.483985765124555,0.2538540596094553
283,293,85556,1056,2,1054,0,1056,1.0,11,0,18,1080.8348245024995,-24.834824502499487,0.0,0.007067137809187279,5.268551236749117,0.2546112115732369
293,307,93942,1147,5,1142,3,1144,0.4,11,1,4,1178.6748802202965,-31.674880220296473,0.0026155187445510027,0.006825938566552901,6.085324232081911,0.34601417183348093
307,311,96410,1167,3,1164,1,1166,0.6666666666666666,12,1,0,1201.7600778490544,-34.76007784905437,0.000856898029134533,0.006514657980456026,5.198697068403909,0.0809817277543518
311,313,97656,1183,2,1181,0,1183,1.0,12,0,34,1209.4633479599293,-26.46334795992925,0.0,0.006430868167202572,5.196141479099678,0.2529399187513363
313,317,100172,1209,2,1207,2,1207,0.0,12,1,30,1232.6965389811585,-23.696538981158483,0.0016542597187758478,0.006389776357827476,5.137380191693291,0.7472826086956521
317,331,109230,1295,3,1292,0,1295,1.0,12,0,16,1335.681949764615,-40.681949764614956,0.0,0.006309148264984227,4.914826498422713,0.250193199381762
331,337,113232,1336,2,1334,0,1336,1.0,13,0,10,1376.2527690610082,-40.252769061008166,0.0,0.006042296072507553,5.9637462235649545,0.24992984753531008
337,347,120062,1407,4,1403,1,1406,0.75,13,1,0,1450.6061263329407,-43.606126332940676,0.0007107320540156361,0.005934718100890208,5.824925816023739,0.0003327122704285257
347,349,121452,1419,2,1417,0,1419,1.0,13,0,70,1458.9426650003397,-39.94266500033973,0.0,0.005763688760806916,6.910662824207493,0.24910032476081806
349,353,124256,1448,2,1446,0,1448,1.0,13,0,66,1484.071997796385,-36.07199779638495,0.0,0.0057306590257879654,5.851002865329513,0.24894696123098084
353,359,128522,1483,2,1481,0,1483,1.0,13,0,60,1526.3266533301676,-43.326653330167574,0.0,0.0056657223796034,5.798866855524079,0.2472696957065444
359,367,134322,1540,3,1537,1,1539,0.6666666666666666,13,1,52,1586.3204759653663,-46.32047596536631,0.0006493506493506494,0.005571030640668524,5.710306406685237,0.08661753711417278
367,373,138756,1582,3,1579,2,1580,0.3333333333333333,13,1,46,1629.7551133788475,-47.755113378847454,0.0012642225031605564,0.005449591280653951,4.689373297002724,0.4207089552238805
373,379,143262,1619,3,1616,0,1619,1.0,13,0,40,1673.6578091528008,-54.65780915280084,0.0,0.005361930294906166,5.659517426273458,0.24450653175262402
379,383,146306,1645,2,1643,0,1645,1.0,13,0,36,1700.1997013418475,-55.19970134184746,0.0,0.005277044854881266,5.6596306068601585,0.24383013414363003
383,389,150932,1694,2,1692,0,1694,1.0,13,0,30,1744.798693207713,-50.798693207713086,0.0,0.005221932114882507,5.577023498694517,0.24398674924384273
389,397,157212,1760,3,1757,0,1760,1.0,13,0,22,1808.052582977543,-48.0525829775429,0.0,0.005141388174807198,5.4755784061696655,0.244173140954495
397,401,160400,1790,2,1788,1,1789,0.5,13,1,18,1835.4236223674088,-45.423622367408825,0.0005586592178770949,0.005037783375314861,5.491183879093199,0.256064322703734
401,409,166872,1844,2,1842,1,1843,0.5,13,1,10,1899.9577657161026,-55.957765716102585,0.0005422993492407809,0.004987531172069825,4.598503740648379,0.2574641588846508
409,419,175142,1903,3,1900,0,1903,1.0,13,0,0,1984.3664784287644,-81.36647842876437,0.0,0.004889975550122249,5.34718826405868,0.23973293020912068
419,421,176820,1927,2,1925,1,1926,0.5,14,1,10,1993.815626543876,-66.81562654387608,0.0005189413596263622,0.00477326968973747,7.400954653937948,0.25950078003120125
421,431,185330,2017,4,2013,1,2016,0.75,14,1,0,2079.8463966365784,-62.84639663657845,0.0004957858205255329,0.004750593824228029,7.209026128266033,0.008948311921123386
431,433,187056,2034,2,2032,0,2034,1.0,14,0,28,2089.4751070763095,-55.47510707630954,0.0,0.004640371229698376,6.280742459396752,0.2409524373630279
433,439,192282,2078,3,2075,0,2078,1.0,14,0,22,2137.9304011050504,-59.93040110505035,0.0,0.004618937644341801,5.200923787528868,0.2401340498064367
439,443,195806,2102,2,2100,1,2101,0.5,14,1,18,2167.1942736239894,-65.19427362398937,0.0004757373929590866,0.004555808656036446,6.211845102505695,0.2610684853651606
443,449,201152,2148,2,2146,1,2147,0.5,14,1,12,2216.3128637650443,-68.31286376504431,0.0004655493482309125,0.004514672686230248,6.1512415349887135,0.2616511318242344
449,457,208392,2218,4,2214,1,2217,0.75,14,1,4,2285.8563629691103,-67.85636296911025,0.0004508566275924256,0.004454342984409799,5.060133630289532,0.011812714776632316
457,461,212060,2250,3,2247,0,2250,1.0,15,0,0,2315.910906279613,-65.91090627961285,0.0,0.00437636761487965,5.076586433260394,0.23775558725630053
461,463,213906,2259,2,2257,0,2259,1.0,15,0,58,2325.9363053048555,-66.93630530485552,0.0,0.004338394793926247,8.099783080260304,0.23691662296801258
463,467,217622,2289,2,2287,0,2289,1.0,15,0,54,2356.120959389517,-67.12095938951688,0.0,0.004319654427645789,6.056155507559395,0.23643030522129835
467,479,228962,2391,4,2387,2,2389,0.5,15,1,42,2468.279110676498,-77.27911067649802,0.000836470096194061,0.004282655246252677,7.880085653104925,0.26441028672775646
479,487,236682,2463,3,2460,0,2463,1.0,15,0,34,2540.849571446927,-77.8495714469268,0.0,0.0041753653444676405,6.8580375782881005,0.23560359670939354
487,491,240590,2488,2,2486,1,2487,0.5,15,1,30,2572.1960850483797,-84.1960850483797,0.00040192926045016077,0.004106776180698152,6.891170431211499,0.2654931900655073
491,499,248502,2559,3,2556,2,2557,0.3333333333333333,15,1,22,2645.9629342678595,-86.96293426785951,0.0007815552950371239,0.004073319755600814,6.788187372708758,0.4326795592739907
499,503,252506,2585,2,2583,0,2585,1.0,15,0,18,2677.820198348579,-92.8201983485792,0.0,0.004008016032064128,6.819639278557114,0.23299833250709812
503,509,258572,2631,2,2629,0,2631,1.0,15,0,12,2731.246804993125,-100.2468049931249,0.0,0.003976143141153081,6.769383697813121,0.23210268625115787
509,521,270920,2740,3,2737,0,2740,1.0,16,0,0,2850.432070018034,-110.43207001803421,0.0,0.003929273084479371,7.616895874263261,0.23155581847375983
521,523,273006,2760,2,2758,0,2760,1.0,16,0,46,2861.3531042877944,-101.3531042877944,0.0,0.003838771593090211,6.702495201535509,0.23165050988291577
523,541,292140,2918,4,2914,1,2917,0.75,16,1,28,3050.1859942518686,-132.18599425186858,0.0003427004797806717,0.0038240917782026767,6.420650095602294,0.0197194491575583
541,547,298662,2963,2,2961,1,2962,0.5,17,1,22,3106.753288815269,-143.75328881526912,0.0003374957813027337,0.0036968576709796672,5.476894639556377,0.2706478829630776
547,557,309692,3061,3,3058,0,3061,1.0,17,0,12,3209.7112202585577,-148.71122025855766,0.0,0.003656307129798903,5.595978062157221,0.229099618292044
557,563,316406,3116,3,3113,1,3115,0.6666666666666666,17,1,6,3267.521636532598,-151.52163653259822,0.00032092426187419767,0.003590664272890485,6.405745062836624,0.10469481845642095
563,569,323192,3186,3,3183,0,3186,1.0,17,0,0,3325.744106272944,-139.744106272944,0.0,0.003552397868561279,10.341030195381883,0.22918390101787578
569,571,325470,3208,2,3206,2,3206,0.0,17,1,28,3337.413239286576,-129.41323928657584,0.0006234413965087282,0.0035149384885764497,7.362038664323374,0.7707752768846017
571,577,332352,3273,2,3271,0,3273,1.0,17,0,22,3396.045304333529,-123.0453043335292,0.0,0.0035026269702276708,5.732049036777584,0.22945073434049565
577,587,343982,3355,3,3352,0,3355,1.0,17,0,12,3502.699879788935,-147.69987978893505,0.0,0.0034662045060658577,6.185441941074523,0.22791345402669747
587,593,351056,3408,3,3405,1,3407,0.6666666666666666,17,1,6,3562.553336848184,-154.5533368481838,0.00029342723004694836,0.0034071550255536627,6.194207836456559,0.10612575974754712
593,599,358202,3467,3,3464,0,3467,1.0,17,0,0,3622.8117607278377,-155.81176072783774,0.0,0.003372681281618887,7.1534569983136596,0.22688305739153197
599,601,360600,3486,2,3484,0,3486,1.0,17,0,16,3634.887664965977,-148.8876649659769,0.0,0.00333889816360601,6.180300500834725,0.22689403801093466
601,607,367842,3539,3,3536,1,3538,0.6666666666666666,17,1,10,3695.548760594944,-156.54876059494381,0.00028256569652444194,0.0033277870216306157,7.1114808652246255,0.10727137229852016
607,613,375156,3591,4,3587,1,3590,0.75,17,1,4,3756.6107928636166,-165.61079286361655,0.000278473962684489,0.0032948929159802307,7.0840197693574956,0.024618715872716995
613,617,380072,3624,3,3621,1,3623,0.6666666666666666,17,1,0,3793.419891470115,-169.4198914701151,0.0002759381898454746,0.0032626427406199023,7.088091353996737,0.1085194375516956
617,619,382542,3642,2,3640,0,3642,1.0,17,0,22,3805.6962019424323,-163.69620194243225,0.0,0.0032414910858995136,6.097244732576986,0.2246276251272088
619,631,397530,3761,4,3757,0,3761,1.0,17,0,10,3942.02538316569,-181.02538316569007,0.0,0.0032310177705977385,6.075928917609047,0.2238490610957355
631,641,410240,3864,4,3860,1,3863,0.75,18,1,0,4055.1674985126756,-191.1674985126756,0.0002587991718426501,0.003169572107765452,6.123613312202853,0.02645357246167196
641,643,412806,3881,2,3879,0,3881,1.0,18,0,16,4067.800295796806,-186.80029579680604,0.0,0.0031201248049922,6.945397815912637,0.22329622277840108
643,647,417962,3922,2,3920,1,3921,0.5,18,1,12,4105.797045141022,-183.79704514102195,0.00025497195308516065,0.003110419906687403,6.900466562986003,0.2769246082529932
647,653,425756,3985,3,3982,0,3985,1.0,18,0,6,4169.431950956496,-184.4319509564957,0.0,0.0030911901081916537,8.84080370942813,0.2228435621417587
653,659,433622,4059,3,4056,1,4058,0.6666666666666666,18,1,0,4233.457738010295,-174.45773801029463,0.0002463661000246366,0.0030627871362940277,6.215926493108729,0.11023167614807483
659,661,436260,4079,2,4077,0,4079,1.0,18,0,148,4246.2862793930935,-167.28627939309354,0.0,0.0030349013657056147,8.8103186646434,0.22292053776369003
661,673,452256,4187,4,4183,0,4187,1.0,19,0,136,4388.662338967805,-201.66233896780523,0.0,0.0030257186081694403,7.665658093797277,0.2214406600380791
673,677,457652,4229,2,4227,0,4229,1.0,19,0,132,4427.827070215214,-198.827070215214,0.0,0.0029717682020802376,7.716196136701337,0.22131512154276892
677,683,465806,4289,2,4287,1,4288,0.5,19,1,126,4493.404013962912,-204.40401396291236,0.00023315458148752622,0.0029542097488921715,8.66469719350074,0.27908264441525665
683,691,476790,4368,2,4366,0,4368,1.0,20,0,118,4585.893206559326,-217.89320655932625,0.0,0.0029282576866764276,8.604685212298683,0.22012245823569432
691,701,490700,4473,3,4470,0,4473,1.0,20,0,108,4706.02284761985,-233.02284761984993,0.0,0.002894356005788712,7.526772793053546,0.21952296819787986
701,709,501972,4553,2,4551,1,4552,0.5,20,1,100,4800.391123411681,-247.3911234116813,0.00021963540522732265,0.0028530670470756064,6.5049928673323825,0.2811741523081729
709,719,516242,4653,3,4650,0,4653,1.0,20,0,90,4922.929817080507,-269.92981708050684,0.0,0.0028208744710860366,6.5627644569816646,0.21795952782462058
719,727,527802,4759,3,4756,1,4758,0.6666666666666666,21,1,82,5019.166544932597,-260.1665449325974,0.0002101281781886951,0.0027816411682892906,7.381084840055633,0.11498050011470518
727,733,536556,4822,3,4819,1,4821,0.6666666666666666,21,1,76,5088.376362018248,-266.3763620182481,0.00020738282870178348,0.002751031636863824,6.63273727647868,0.1154144541106466
733,739,545382,4893,3,4890,1,4892,0.6666666666666666,21,1,70,5157.9647912473765,-264.9647912473765,0.00020437359493153485,0.002728512960436562,8.324693042291951,0.11539689256100186
739,743,551306,4934,2,4932,0,4934,1.0,21,0,66,5199.880242148024,-265.8802421480241,0.0,0.0027063599458728013,6.6765899864682,0.2175868759922385
743,751,563250,5018,3,5015,1,5017,0.6666666666666666,21,1,58,5298.234998551749,-280.2349985517494,0.00019928258270227183,0.0026917900403768506,6.753701211305518,0.11629181084198384
751,757,572292,5091,3,5088,1,5090,0.6666666666666666,21,1,52,5368.952632683493,-277.952632683493,0.00019642506383814575,0.002663115845539281,8.221038615179761,0.1163903921819292
757,761,578360,5139,2,5137,1,5138,0.5,21,1,48,5411.54430744847,-272.54430744847014,0.0001945903872348706,0.002642007926023778,7.2113606340819025,0.283109648012155
761,769,590592,5237,3,5234,1,5236,0.6666666666666666,21,1,40,5511.472547231236,-274.4725472312357,0.00019094901661256445,0.002628120893561104,6.88173455978975,0.11654316899173461
769,773,596756,5286,2,5284,0,5286,1.0,21,0,36,5554.511971026824,-268.51197102682363,0.0,0.002600780234070221,7.1261378413524055,0.21671928170226723
773,787,618582,5447,3,5444,1,5446,0.6666666666666666,21,1,22,5742.768048129123,-295.7680481291227,0.00018358729575913347,0.00258732212160414,7.953428201811126,0.11732825739249975
787,797,634412,5564,2,5562,0,5564,1.0,22,0,12,5874.762452495328,-310.76245249532803,0.0,0.0025412960609911056,7.0698856416772555,0.21568399426289878
797,809,653672,5715,4,5711,1,5714,0.75,22,1,0,6037.923566162746,-322.9235661627463,0.00017497812773403323,0.002509410288582183,7.8293601003764115,0.0344250391354369
809,811,656910,5732,2,5730,0,5732,1.0,22,0,10,6052.831928127193,-320.83192812719335,0.0,0.002472187886279357,7.914709517923362,0.21525000469404232
811,821,673220,5858,5,5853,2,5856,0.6,23,1,0,6187.816392257499,-329.8163922574986,0.0003414134516899966,0.002466091245376079,7.7768187422934645,0.18494071001138077
821,823,676506,5879,2,5877,0,5879,1.0,23,0,4,6202.871817085657,-323.8718170856573,0.0,0.00243605359317905,7.839220462850183,0.21488358492634965
823,827,683102,5929,3,5926,1,5928,0.6666666666666666,23,1,0,6248.1296483590595,-319.1296483590595,0.00016866250632484398,0.002430133657351154,8.795868772782503,0.11857674104124408
827,829,686412,5951,2,5949,0,5951,1.0,23,0,28,6263.221660531608,-312.221660531608,0.0,0.0024183796856106408,8.804111245465538,0.2146051208077894
829,839,703082,6059,2,6057,0,6059,1.0,23,0,18,6399.851150134497,-340.8511501344974,0.0,0.0024125452352231603,7.691194209891435,0.21374772899652514
839,853,726756,6225,5,6220,1,6224,0.8,23,1,4,6599.575730428082,-374.57573042808235,0.0001606425702811245,0.0023837902264600714,9.580452920143028,0.01294063317768998
853,857,733592,6267,3,6264,0,6267,1.0,24,0,0,6646.033198617225,-379.033198617225,0.0,0.0023446658851113715,7.347010550996483,0.21255235801861996
857,859,737022,6293,2,6291,0,6293,1.0,24,0,22,6661.525032974258,-368.52503297425756,0.0,0.002333722287047841,9.656942823803966,0.21250802012629588
859,863,743906,6343,2,6341,0,6343,1.0,24,0,18,6708.090794716025,-365.0907947160249,0.0,0.002328288707799767,7.6158323632130385,0.21244243489910408
863,877,768252,6504,5,6499,4,6500,0.2,24,1,4,6911.573422232166,-407.5734222321662,0.0006150061500615006,0.002317497103128621,7.463499420625724,0.5885737505079236
877,881,775280,6557,3,6554,0,6557,1.0,25,0,0,6958.894727036685,-401.89472703668525,0.0,0.002280501710376283,7.523375142531357,0.2114001998903827
881,883,778806,6582,2,6580,1,6581,0.5,25,1,136,6974.674452213002,-392.67445221300204,0.00015192950470981463,0.0022701475595913734,9.52894438138479,0.2886794875911003
883,887,785882,6637,2,6635,0,6637,1.0,25,0,132,7022.103062581687,-385.1030625816866,0.0,0.0022650056625141564,9.483578708946773,0.21131222439785408
887,907,821742,6883,4,6879,1,6882,0.75,25,1,112,7325.9675922040815,-442.9675922040815,0.0001452854859799506,0.002254791431792559,8.240135287485908,0.039722909601930784
907,911,829010,6941,2,6939,0,6941,1.0,25,0,108,7374.465867636258,-433.4658676362578,0.0,0.002205071664829107,9.347298787210583,0.210323773161826
911,919,843642,7049,2,7047,0,7049,1.0,25,0,100,7488.149378279218,-439.1493782792177,0.0,0.0021953896816684962,8.262349066959384,0.2101794978829984
919,929,862112,7168,3,7165,0,7168,1.0,26,0,90,7635.4356491337485,-467.4356491337485,0.0,0.002176278563656148,7.799782372143635,0.20951712849292645
929,937,877032,7280,3,7277,0,7280,1.0,26,0,82,7750.854616568793,-470.85461656879306,0.0,0.002152852529601722,7.836383207750269,0.20945421066260034
937,941,884540,7333,2,7331,0,7333,1.0,26,0,78,7800.521680504154,-467.52168050415366,0.0,0.0021344717182497333,9.173959445037354,0.20932290477277918
941,947,895862,7420,3,7417,1,7419,0.6666666666666666,26,1,72,7883.575941261692,-463.5759412616917,0.00013477088948787063,0.0021253985122210413,10.114771519659936,0.12400968568540327
947,953,907256,7487,2,7485,0,7487,1.0,27,0,66,7966.981681525137,-479.981681525137,0.0,0.0021119324181626186,9.093980992608238,0.2087841606246514
953,967,934122,7688,4,7684,0,7688,1.0,27,0,52,8185.68798135409,-497.68798135408997,0.0,0.002098635886673662,8.067156348373556,0.20867204994232205
967,971,941870,7736,2,7734,0,7736,1.0,27,0,48,8236.513020407912,-500.51302040791234,0.0,0.002068252326783868,8.0,0.20841078692852716
971,977,953552,7818,3,7815,1,7817,0.6666666666666666,27,1,42,8321.49494422116,-503.49494422116004,0.00012790995139421848,0.0020597322348094747,9.948506694129764,0.12506160506160505
977,983,965306,7908,2,7906,1,7907,0.5,28,1,36,8406.82544168841,-498.82544168841014,0.00012645422357106728,0.0020470829068577278,8.905834186284544,0.29167270380273713
983,991,981090,8016,3,8013,0,8016,1.0,28,0,28,8526.903791291683,-510.90379129168286,0.0,0.002034587995930824,8.845371312309258,0.2080699796238855
991,997,993012,8087,2,8085,0,8087,1.0,28,0,22,8613.103136450089,-526.1031364500886,0.0,0.0020181634712411706,8.160443995963673,0.2076384877078118
