gidx,gap,origin,mergeCount
0,16,merge,1
1,2,copy,0
2,4,copy,0
3,6,copy,0
4,2,copy,0
5,6,copy,0
6,4,copy,0
7,2,copy,0
8,4,copy,0
9,6,copy,0
10,6,copy,0
11,2,copy,0
12,6,copy,0
13,4,copy,0
14,2,copy,0
15,6,copy,0
16,4,copy,0
17,6,copy,0
18,8,copy,0
19,4,copy,0
20,2,copy,0
21,4,copy,0
22,2,copy,0
23,4,copy,0
24,14,copy,0
25,4,copy,0
26,6,copy,0
27,2,copy,0
28,10,copy,0
29,2,copy,0
30,6,copy,0
31,6,copy,0
32,4,copy,0
33,6,merge,1
34,6,copy,0
35,2,copy,0
36,10,copy,0
37,2,copy,0
38,4,copy,0
39,2,copy,0
40,12,copy,0
41,12,merge,1
42,4,copy,0
43,2,copy,0
44,4,copy,0
45,6,copy,0
46,2,copy,0
47,10,merge,1
48,6,copy,0
49,6,copy,0
50,6,copy,0
51,2,copy,0
52,6,copy,0
53,4,copy,0
54,2,copy,0
55,6,copy,0
56,4,copy,0
57,14,merge,1
58,4,copy,0
59,2,copy,0
60,4,copy,0
61,6,copy,0
62,8,copy,0
63,6,copy,0
64,10,copy,0
65,2,copy,0
66,4,copy,0
67,6,copy,0
68,2,copy,0
69,6,copy,0
70,6,copy,0
71,6,merge,1
72,4,copy,0
73,6,copy,0
74,2,copy,0
75,6,copy,0
76,4,copy,0
77,8,merge,1
78,10,copy,0
79,2,copy,0
80,10,copy,0
81,2,copy,0
82,4,copy,0
83,2,copy,0
84,4,copy,0
85,6,copy,0
86,8,copy,0
87,4,copy,0
88,2,copy,0
89,4,copy,0
90,12,copy,0
91,8,merge,1
92,4,copy,0
93,2,copy,0
94,6,copy,0
95,4,copy,0
96,6,copy,0
97,12,copy,0
98,2,copy,0
99,4,copy,0
100,2,copy,0
101,12,merge,1
102,6,copy,0
103,4,copy,0
104,6,copy,0
105,6,merge,1
106,6,copy,0
107,2,copy,0
108,6,copy,0
109,10,copy,0
110,2,copy,0
111,4,copy,0
112,6,copy,0
113,2,copy,0
114,6,copy,0
115,6,merge,1
116,4,copy,0
117,2,copy,0
118,10,copy,0
119,2,copy,0
120,10,copy,0
121,2,copy,0
122,4,copy,0
123,6,copy,0
124,6,copy,0
125,2,copy,0
126,6,copy,0
127,6,copy,0
128,4,copy,0
129,6,copy,0
130,8,merge,1
131,6,copy,0
132,4,copy,0
133,2,copy,0
134,6,copy,0
135,4,copy,0
136,6,copy,0
137,8,copy,0
138,4,copy,0
139,2,copy,0
140,6,copy,0
141,4,copy,0
142,8,copy,0
143,6,copy,0
144,4,copy,0
145,8,merge,1
146,4,copy,0
147,6,copy,0
148,8,copy,0
149,10,merge,1
150,2,copy,0
151,10,copy,0
152,2,copy,0
153,6,copy,0
154,4,copy,0
155,2,copy,0
156,4,copy,0
157,2,copy,0
158,10,copy,0
159,2,copy,0
160,10,copy,0
161,2,copy,0
162,4,copy,0
163,2,copy,0
164,4,copy,0
165,14,merge,1
166,4,copy,0
167,2,copy,0
168,4,copy,0
169,6,copy,0
170,6,copy,0
171,2,copy,0
172,6,copy,0
173,4,copy,0
174,8,copy,0
175,10,merge,1
176,8,copy,0
177,4,copy,0
178,2,copy,0
179,4,copy,0
180,6,merge,1
181,8,copy,0
182,6,copy,0
183,4,copy,0
184,6,copy,0
185,6,copy,0
186,6,copy,0
187,2,copy,0
188,6,copy,0
189,6,copy,0
190,4,copy,0
191,2,copy,0
192,4,copy,0
193,6,copy,0
194,2,copy,0
195,10,merge,1
196,2,copy,0
197,4,copy,0
198,2,copy,0
199,10,copy,0
200,2,copy,0
201,10,copy,0
202,2,copy,0
203,6,copy,0
204,4,copy,0
205,8,merge,1
206,6,copy,0
207,4,copy,0
208,2,copy,0
209,4,copy,0
210,6,copy,0
211,6,copy,0
212,8,copy,0
213,4,copy,0
214,2,copy,0
215,6,copy,0
216,10,copy,0
217,8,copy,0
218,4,copy,0
219,2,copy,0
220,6,merge,1
221,4,copy,0
222,8,copy,0
223,10,copy,0
224,6,copy,0
225,2,copy,0
226,4,copy,0
227,8,copy,0
228,6,copy,0
229,6,copy,0
230,4,copy,0
231,2,copy,0
232,4,copy,0
233,6,copy,0
234,2,copy,0
235,6,copy,0
236,4,copy,0
237,6,copy,0
238,2,copy,0
239,10,copy,0
240,12,merge,1
241,2,copy,0
242,4,copy,0
243,2,copy,0
244,4,copy,0
245,6,copy,0
246,2,copy,0
247,6,copy,0
248,4,copy,0
249,2,copy,0
250,4,copy,0
251,12,merge,1
252,2,copy,0
253,6,copy,0
254,6,copy,0
255,10,merge,1
256,6,copy,0
257,8,copy,0
258,4,copy,0
259,2,copy,0
260,4,copy,0
261,2,copy,0
262,4,copy,0
263,8,copy,0
264,6,copy,0
265,12,merge,1
266,4,copy,0
267,6,copy,0
268,2,copy,0
269,12,merge,1
270,4,copy,0
271,2,copy,0
272,4,copy,0
273,6,copy,0
274,8,copy,0
275,4,copy,0
276,2,copy,0
277,4,copy,0
278,2,copy,0
279,12,merge,1
280,10,copy,0
281,2,copy,0
282,4,copy,0
283,2,copy,0
284,4,copy,0
285,6,copy,0
286,2,copy,0
287,10,copy,0
288,2,copy,0
289,4,copy,0
290,6,copy,0
291,8,copy,0
292,6,copy,0
293,4,copy,0
294,2,copy,0
295,6,copy,0
296,4,copy,0
297,6,copy,0
298,8,copy,0
299,4,copy,0
300,6,copy,0
301,2,copy,0
302,4,copy,0
303,8,copy,0
304,6,copy,0
305,4,copy,0
306,6,copy,0
307,2,copy,0
308,4,copy,0
309,6,copy,0
310,2,copy,0
311,6,copy,0
312,6,copy,0
313,4,copy,0
314,6,copy,0
315,6,copy,0
316,8,merge,1
317,6,copy,0
318,4,copy,0
319,2,copy,0
320,10,copy,0
321,2,copy,0
322,10,copy,0
323,2,copy,0
324,4,copy,0
325,2,copy,0
326,10,merge,1
327,2,copy,0
328,6,copy,0
329,4,copy,0
330,2,copy,0
331,10,copy,0
332,6,copy,0
333,2,copy,0
334,6,copy,0
335,4,copy,0
336,2,copy,0
337,6,copy,0
338,4,copy,0
339,6,copy,0
340,8,copy,0
341,6,merge,1
342,4,copy,0
343,2,copy,0
344,12,copy,0
345,10,merge,1
346,6,copy,0
347,2,copy,0
348,4,copy,0
349,6,copy,0
350,2,copy,0
351,12,copy,0
352,4,copy,0
353,2,copy,0
354,4,copy,0
355,8,copy,0
356,6,copy,0
357,4,copy,0
358,2,copy,0
359,4,copy,0
360,2,copy,0
361,10,copy,0
362,2,copy,0
363,10,copy,0
364,6,copy,0
365,2,copy,0
366,4,copy,0
367,6,copy,0
368,2,copy,0
369,6,copy,0
370,4,copy,0
371,2,copy,0
372,10,merge,1
373,6,copy,0
374,2,copy,0
375,6,copy,0
376,4,copy,0
377,12,merge,1
378,6,copy,0
379,8,copy,0
380,6,copy,0
381,4,copy,0
382,2,copy,0
383,4,copy,0
384,8,copy,0
385,6,copy,0
386,4,copy,0
387,6,copy,0
388,2,copy,0
389,4,copy,0
390,6,copy,0
391,8,merge,1
392,6,copy,0
393,6,copy,0
394,4,copy,0
395,6,copy,0
396,2,copy,0
397,6,copy,0
398,4,copy,0
399,2,copy,0
400,4,copy,0
401,2,copy,0
402,10,copy,0
403,12,copy,0
404,2,copy,0
405,4,copy,0
406,12,merge,1
407,2,copy,0
408,6,copy,0
409,4,copy,0
410,2,copy,0
411,4,copy,0
412,6,copy,0
413,6,copy,0
414,2,copy,0
415,12,merge,1
416,6,copy,0
417,4,copy,0
418,18,merge,1
419,2,copy,0
420,4,copy,0
421,2,copy,0
422,4,copy,0
423,8,copy,0
424,6,copy,0
425,4,copy,0
426,6,copy,0
427,2,copy,0
428,4,copy,0
429,8,merge,1
430,6,copy,0
431,6,copy,0
432,4,copy,0
433,2,copy,0
434,4,copy,0
435,6,copy,0
436,2,copy,0
437,6,copy,0
438,4,copy,0
439,2,copy,0
440,4,copy,0
441,12,copy,0
442,2,copy,0
443,12,copy,0
444,6,merge,1
445,4,copy,0
446,6,copy,0
447,2,copy,0
448,6,copy,0
449,4,copy,0
450,6,merge,1
451,6,copy,0
452,6,copy,0
453,2,copy,0
454,6,copy,0
455,4,copy,0
456,2,copy,0
457,6,copy,0
458,4,copy,0
459,6,copy,0
460,8,copy,0
461,4,copy,0
462,2,copy,0
463,4,copy,0
464,2,copy,0
465,4,copy,0
466,14,copy,0
467,4,copy,0
468,6,copy,0
469,2,copy,0
470,10,copy,0
471,2,copy,0
472,6,copy,0
473,6,copy,0
474,4,copy,0
475,2,copy,0
476,10,merge,1
477,2,copy,0
478,10,copy,0
479,2,copy,0
480,4,copy,0
481,14,merge,1
482,10,copy,0
483,2,copy,0
484,4,copy,0
485,2,copy,0
486,4,copy,0
487,6,copy,0
488,2,copy,0
489,6,copy,0
490,10,merge,1
491,6,copy,0
492,6,copy,0
493,2,copy,0
494,10,merge,1
495,2,copy,0
496,6,copy,0
497,4,copy,0
498,6,copy,0
499,8,copy,0
500,4,copy,0
501,2,copy,0
502,4,copy,0
503,6,copy,0
504,8,copy,0
505,6,copy,0
506,10,copy,0
507,2,copy,0
508,4,copy,0
509,6,copy,0
510,2,copy,0
511,6,copy,0
512,6,copy,0
513,4,copy,0
514,2,copy,0
515,4,copy,0
516,6,copy,0
517,2,copy,0
518,6,copy,0
519,4,copy,0
520,2,copy,0
521,6,copy,0
522,10,copy,0
523,2,copy,0
524,10,copy,0
525,6,merge,1
526,2,copy,0
527,4,copy,0
528,6,copy,0
529,8,copy,0
530,4,copy,0
531,2,copy,0
532,4,copy,0
533,12,copy,0
534,2,copy,0
535,6,copy,0
536,4,copy,0
537,2,copy,0
538,6,copy,0
539,4,copy,0
540,6,copy,0
541,12,copy,0
542,2,copy,0
543,4,copy,0
544,2,copy,0
545,4,copy,0
546,8,copy,0
547,6,copy,0
548,4,copy,0
549,6,copy,0
550,2,copy,0
551,10,merge,1
552,2,copy,0
553,6,copy,0
554,10,copy,0
555,6,merge,1
556,6,copy,0
557,2,copy,0
558,6,copy,0
559,4,copy,0
560,2,copy,0
561,4,copy,0
562,2,copy,0
563,10,copy,0
564,2,copy,0
565,12,merge,1
566,4,copy,0
567,6,copy,0
568,6,copy,0
569,2,copy,0
570,12,merge,1
571,4,copy,0
572,6,copy,0
573,6,copy,0
574,2,copy,0
575,6,copy,0
576,4,copy,0
577,2,copy,0
578,6,copy,0
579,4,copy,0
580,14,merge,1
581,4,copy,0
582,2,copy,0
583,6,copy,0
584,4,copy,0
585,8,copy,0
586,6,copy,0
587,4,copy,0
588,6,copy,0
589,2,copy,0
590,4,copy,0
591,6,copy,0
592,8,copy,0
593,6,copy,0
594,6,merge,1
595,10,copy,0
596,2,copy,0
597,6,copy,0
598,4,copy,0
599,6,merge,1
600,2,copy,0
601,10,copy,0
602,2,copy,0
603,10,copy,0
604,2,copy,0
605,4,copy,0
606,2,copy,0
607,4,copy,0
608,8,copy,0
609,6,copy,0
610,4,copy,0
611,2,copy,0
612,4,copy,0
613,6,copy,0
614,6,copy,0
615,8,merge,1
616,4,copy,0
617,8,copy,0
618,4,copy,0
619,6,copy,0
620,8,copy,0
621,4,copy,0
622,2,copy,0
623,4,copy,0
624,2,copy,0
625,12,merge,1
626,6,copy,0
627,4,copy,0
628,6,copy,0
629,6,copy,0
630,6,copy,0
631,2,copy,0
632,6,copy,0
633,6,copy,0
634,4,copy,0
635,2,copy,0
636,4,copy,0
637,6,copy,0
638,2,copy,0
639,6,copy,0
640,6,merge,1
641,4,copy,0
642,2,copy,0
643,10,copy,0
644,2,copy,0
645,10,copy,0
646,2,copy,0
647,6,copy,0
648,4,copy,0
649,6,copy,0
650,2,copy,0
651,6,copy,0
652,4,copy,0
653,2,copy,0
654,4,copy,0
655,6,copy,0
656,14,merge,1
657,4,copy,0
658,2,copy,0
659,6,copy,0
660,10,copy,0
661,8,copy,0
662,4,copy,0
663,2,copy,0
664,4,copy,0
665,2,copy,0
666,4,copy,0
667,8,copy,0
668,10,copy,0
669,8,merge,1
670,4,copy,0
671,8,copy,0
672,6,copy,0
673,10,merge,1
674,2,copy,0
675,4,copy,0
676,6,copy,0
677,2,copy,0
678,6,copy,0
679,4,copy,0
680,6,copy,0
681,2,copy,0
682,10,copy,0
683,2,copy,0
684,10,copy,0
685,2,copy,0
686,4,copy,0
687,2,copy,0
688,4,copy,0
689,6,copy,0
690,8,merge,1
691,4,copy,0
692,2,copy,0
693,4,copy,0
694,6,copy,0
695,6,copy,0
696,2,copy,0
697,6,copy,0
698,6,copy,0
699,6,copy,0
700,10,merge,1
701,8,copy,0
702,4,copy,0
703,2,copy,0
704,4,copy,0
705,6,merge,1
706,8,copy,0
707,6,copy,0
708,4,copy,0
709,8,copy,0
710,4,copy,0
711,6,copy,0
712,2,copy,0
713,6,copy,0
714,6,copy,0
715,4,copy,0
716,2,copy,0
717,4,copy,0
718,6,copy,0
719,12,merge,1
720,2,copy,0
721,4,copy,0
722,2,copy,0
723,10,copy,0
724,2,copy,0
725,10,copy,0
726,2,copy,0
727,4,copy,0
728,2,copy,0
729,4,copy,0
730,8,merge,1
731,10,copy,0
732,2,copy,0
733,4,copy,0
734,6,copy,0
735,8,copy,0
736,6,copy,0
737,4,copy,0
738,2,copy,0
739,6,copy,0
740,4,copy,0
741,6,copy,0
742,8,copy,0
743,4,copy,0
744,8,merge,1
745,4,copy,0
746,8,copy,0
747,6,copy,0
748,4,copy,0
749,6,copy,0
750,2,copy,0
751,4,copy,0
752,6,copy,0
753,2,copy,0
754,6,copy,0
755,6,copy,0
756,4,copy,0
757,6,copy,0
758,6,copy,0
759,2,copy,0
760,6,copy,0
761,6,copy,0
762,4,copy,0
763,2,copy,0
764,10,copy,0
765,12,merge,1
766,2,copy,0
767,4,copy,0
768,2,copy,0
769,4,copy,0
770,6,copy,0
771,2,copy,0
772,6,copy,0
773,4,copy,0
774,2,copy,0
775,16,merge,1
776,2,copy,0
777,6,copy,0
778,4,copy,0
779,2,copy,0
780,10,merge,1
781,6,copy,0
782,8,copy,0
783,4,copy,0
784,2,copy,0
785,4,copy,0
786,2,copy,0
787,12,copy,0
788,6,copy,0
789,10,merge,1
790,2,copy,0
791,4,copy,0
792,6,copy,0
793,2,copy,0
794,12,copy,0
795,4,copy,0
796,2,copy,0
797,4,copy,0
798,8,copy,0
799,6,copy,0
800,4,copy,0
801,2,copy,0
802,4,copy,0
803,2,copy,0
804,12,merge,1
805,10,copy,0
806,6,copy,0
807,2,copy,0
808,4,copy,0
809,6,copy,0
810,2,copy,0
811,6,copy,0
812,4,copy,0
813,2,copy,0
814,4,copy,0
815,6,copy,0
816,6,copy,0
817,2,copy,0
818,6,copy,0
819,4,copy,0
820,2,copy,0
821,10,copy,0
822,6,copy,0
823,8,copy,0
824,10,merge,1
825,2,copy,0
826,4,copy,0
827,8,copy,0
828,6,copy,0
829,4,copy,0
830,6,copy,0
831,2,copy,0
832,4,copy,0
833,6,copy,0
834,2,copy,0
835,6,copy,0
836,6,copy,0
837,6,copy,0
838,4,copy,0
839,6,copy,0
840,8,merge,1
841,4,copy,0
842,2,copy,0
843,4,copy,0
844,2,copy,0
845,10,copy,0
846,12,copy,0
847,2,copy,0
848,4,copy,0
849,2,copy,0
850,10,copy,0
851,2,copy,0
852,6,copy,0
853,4,copy,0
854,2,copy,0
855,4,copy,0
856,6,copy,0
857,6,copy,0
858,2,copy,0
859,10,copy,0
860,2,copy,0
861,6,copy,0
862,4,copy,0
863,14,copy,0
864,6,merge,1
865,4,copy,0
866,2,copy,0
867,4,copy,0
868,8,copy,0
869,10,merge,1
870,6,copy,0
871,2,copy,0
872,4,copy,0
873,6,copy,0
874,2,copy,0
875,6,copy,0
876,6,copy,0
877,4,copy,0
878,2,copy,0
879,4,copy,0
880,8,merge,1
881,6,copy,0
882,4,copy,0
883,2,copy,0
884,4,copy,0
885,12,copy,0
886,2,copy,0
887,12,copy,0
888,4,copy,0
889,2,copy,0
890,4,copy,0
891,6,copy,0
892,2,copy,0
893,6,copy,0
894,4,copy,0
895,2,copy,0
896,10,merge,1
897,6,copy,0
898,2,copy,0
899,6,copy,0
900,4,copy,0
901,8,merge,1
902,4,copy,0
903,6,copy,0
904,8,copy,0
905,4,copy,0
906,2,copy,0
907,4,copy,0
908,2,copy,0
909,4,copy,0
910,14,copy,0
911,4,copy,0
912,6,copy,0
913,2,copy,0
914,10,copy,0
915,8,merge,1
916,6,copy,0
917,4,copy,0
918,2,copy,0
919,4,copy,0
920,6,copy,0
921,2,copy,0
922,10,copy,0
923,2,copy,0
924,4,copy,0
925,2,copy,0
926,12,copy,0
927,10,copy,0
928,2,copy,0
929,4,copy,0
930,6,merge,1
931,6,copy,0
932,2,copy,0
933,6,copy,0
934,4,copy,0
935,6,copy,0
936,6,copy,0
937,6,copy,0
938,2,copy,0
939,6,copy,0
940,6,merge,1
941,6,copy,0
942,4,copy,0
943,6,copy,0
944,12,merge,1
945,2,copy,0
946,4,copy,0
947,6,copy,0
948,8,copy,0
949,6,copy,0
950,10,copy,0
951,2,copy,0
952,4,copy,0
953,8,merge,1
954,6,copy,0
955,6,copy,0
956,4,copy,0
957,2,copy,0
958,4,copy,0
959,6,copy,0
960,2,copy,0
961,6,copy,0
962,4,copy,0
963,2,copy,0
964,6,copy,0
965,10,copy,0
966,2,copy,0
967,10,copy,0
968,2,copy,0
969,6,merge,1
970,4,copy,0
971,6,copy,0
972,8,copy,0
973,4,copy,0
974,6,merge,1
975,12,copy,0
976,2,copy,0
977,6,copy,0
978,4,copy,0
979,2,copy,0
980,6,copy,0
981,4,copy,0
982,6,copy,0
983,12,copy,0
984,2,copy,0
985,4,copy,0
986,2,copy,0
987,4,copy,0
988,14,merge,1
989,4,copy,0
990,6,copy,0
991,2,copy,0
992,4,copy,0
993,6,copy,0
994,2,copy,0
995,6,copy,0
996,10,copy,0
997,2,copy,0
998,10,merge,1
999,2,copy,0
