index,gap,originalSpan
0,28,2
1,2,1
2,10,2
3,2,1
4,16,3
5,2,1
6,10,2
7,2,1
8,28,5
9,2,1
10,4,1
11,2,1
12,28,4
13,2,1
14,10,1
15,2,1
16,28,5
17,2,1
18,10,1
19,2,1
20,4,1
21,2,1
22,28,3
23,2,1
24,10,2
25,2,1
26,28,4
27,2,1
28,10,2
29,2,1
30,28,3
31,2,1
32,34,4
33,2,1
34,70,11
35,2,1
36,10,1
37,2,1
38,28,5
39,2,1
40,58,8
41,2,1
42,46,6
43,2,1
44,28,4
45,2,1
46,16,3
47,2,1
48,22,2
49,2,1
50,16,3
51,2,1
52,148,21
53,2,1
54,10,1
55,2,1
56,4,1
57,2,1
58,10,1
59,2,1
60,10,1
61,2,1
62,4,1
63,2,1
64,22,3
65,2,1
66,58,8
67,2,1
68,46,8
69,2,1
70,28,4
71,2,1
72,10,1
73,2,1
74,16,2
75,2,1
76,10,1
77,2,1
78,28,5
79,2,1
80,58,8
81,2,1
82,34,4
83,2,1
84,28,4
85,2,1
86,10,2
87,2,1
88,16,2
89,2,1
90,28,3
91,2,1
92,10,2
93,2,1
94,10,2
95,2,1
96,16,2
97,2,1
98,40,4
99,2,1
100,4,1
101,2,1
102,58,7
103,2,1
104,22,4
105,2,1
106,4,1
107,2,1
108,22,2
109,2,1
110,4,1
111,2,1
112,52,8
113,2,1
114,64,11
115,2,1
116,10,2
117,2,1
118,46,7
119,2,1
120,10,1
121,2,1
122,16,2
123,2,1
124,10,1
125,2,1
126,10,1
127,2,1
128,16,2
129,2,1
130,46,8
131,2,1
132,40,5
133,2,1
134,16,1
135,2,1
136,22,3
137,2,1
138,4,1
139,2,1
140,10,1
141,2,1
142,16,2
143,2,1
144,22,3
145,2,1
146,16,2
147,2,1
148,46,6
149,2,1
150,28,5
151,2,1
152,52,8
153,2,1
154,4,1
155,2,1
156,22,2
157,2,1
158,16,2
159,2,1
160,10,2
161,2,1
162,58,6
163,2,1
164,4,1
165,2,1
166,28,4
167,2,1
168,28,5
169,2,1
170,10,2
171,2,1
172,10,2
173,2,1
174,16,2
175,2,1
176,28,3
177,2,1
178,28,4
179,2,1
180,10,2
181,2,1
182,34,6
183,2,1
184,28,4
185,2,1
186,10,1
187,2,1
188,16,3
189,2,1
190,22,2
191,2,1
192,34,4
193,2,1
194,10,2
195,2,1
196,28,3
197,2,1
198,10,1
199,2,1
200,28,4
201,2,1
202,34,4
203,2,1
204,28,5
205,2,1
206,10,2
207,2,1
208,10,2
209,2,1
210,16,2
211,2,1
212,16,2
213,2,1
214,40,6
215,2,1
216,10,2
217,2,1
218,76,11
219,2,1
220,28,4
221,2,1
222,10,2
223,2,1
224,4,1
225,2,1
226,40,5
227,2,1
228,28,3
229,2,1
230,10,2
231,2,1
232,106,15
233,2,1
234,16,3
235,2,1
236,10,1
237,2,1
238,10,1
239,2,1
240,4,1
241,2,1
242,22,3
243,2,1
244,58,9
245,2,1
246,4,1
247,2,1
248,40,4
249,2,1
250,16,3
251,2,1
252,10,2
253,2,1
254,28,4
255,2,1
256,10,1
257,2,1
258,16,2
259,2,1
260,40,6
261,2,1
262,28,3
263,2,1
264,4,1
265,2,1
266,58,8
267,2,1
268,10,2
269,2,1
270,16,3
271,2,1
272,10,1
273,2,1
274,10,1
275,2,1
276,28,5
277,2,1
278,58,8
279,2,1
280,46,8
281,2,1
282,16,3
283,2,1
284,22,2
285,2,1
286,4,1
287,2,1
288,28,3
289,2,1
290,22,3
291,2,1
292,28,5
293,2,1
294,64,9
295,2,1
296,10,2
297,2,1
298,46,8
299,2,1
300,22,2
301,2,1
302,16,3
303,2,1
304,10,2
305,2,1
306,16,1
307,2,1
308,40,6
309,2,1
310,34,4
311,2,1
312,10,2
313,2,1
314,16,2
315,2,1
316,22,4
317,2,1
318,4,1
319,2,1
320,28,3
321,2,1
322,10,2
323,2,1
324,10,1
325,2,1
326,16,3
327,2,1
328,10,1
329,2,1
330,34,4
331,2,1
332,28,4
333,2,1
334,52,8
335,2,1
336,4,1
337,2,1
338,22,2
339,2,1
340,16,2
341,2,1
342,10,2
343,2,1
344,28,4
345,2,1
346,34,5
347,2,1
348,28,3
349,2,1
350,10,2
351,2,1
352,40,6
353,2,1
354,16,1
355,2,1
356,16,2
357,2,1
358,10,2
359,2,1
360,10,2
361,2,1
362,16,2
363,2,1
364,40,6
365,2,1
366,4,1
367,2,1
368,28,4
369,2,1
370,28,2
371,2,1
372,10,2
373,2,1
374,16,2
375,2,1
376,22,2
377,2,1
378,16,3
379,2,1
380,28,4
381,2,1
382,40,5
383,2,1
384,34,5
385,2,1
386,40,6
387,2,1
388,10,2
389,2,1
390,16,2
391,2,1
392,10,1
393,2,1
394,46,7
395,2,1
396,40,6
397,2,1
398,34,5
399,2,1
400,10,2
401,2,1
402,16,2
403,2,1
404,22,3
405,2,1
406,16,2
407,2,1
408,28,4
409,2,1
410,28,4
411,2,1
412,40,5
413,2,1
414,64,10
415,2,1
416,10,1
417,2,1
418,10,2
419,2,1
420,16,2
421,2,1
422,16,2
423,2,1
424,22,3
425,2,1
426,16,3
427,2,1
428,40,7
429,2,1
430,46,7
431,2,1
432,28,4
433,2,1
434,10,2
435,2,1
436,4,1
437,2,1
438,10,1
439,2,1
440,28,4
441,2,1
442,10,1
443,2,1
444,28,4
445,2,1
446,28,3
447,2,1
448,4,1
449,2,1
450,28,4
451,2,1
452,40,6
453,2,1
454,16,3
455,2,1
456,10,1
457,2,1
458,10,1
459,2,1
460,28,5
461,2,1
462,58,8
463,2,1
464,4,1
465,2,1
466,40,3
467,2,1
468,16,3
469,2,1
470,28,5
471,2,1
472,10,1
473,2,1
474,16,2
475,2,1
476,10,2
477,2,1
478,10,1
479,2,1
480,28,4
481,2,1
482,34,6
483,2,1
484,70,11
485,2,1
486,28,4
487,2,1
488,10,1
489,2,1
490,4,1
491,2,1
492,40,6
493,2,1
494,10,2
495,2,1
496,64,9
497,2,1
498,10,1
499,2,1
500,16,2
501,2,1
502,22,3
503,2,1
504,4,1
505,2,1
506,28,3
507,2,1
508,22,4
509,2,1
510,16,3
511,2,1
512,10,2
513,2,1
514,76,9
515,2,1
516,28,5
517,2,1
518,10,2
519,2,1
520,28,3
521,2,1
522,4,1
523,2,1
524,22,3
525,2,1
526,16,2
527,2,1
528,10,1
529,2,1
530,34,3
531,2,1
532,40,6
533,2,1
534,16,2
535,2,1
536,10,2
537,2,1
538,10,2
539,2,1
540,34,4
541,2,1
542,10,1
543,2,1
544,28,5
545,2,1
546,10,2
547,2,1
548,34,6
549,2,1
550,28,4
551,2,1
552,10,1
553,2,1
554,16,2
555,2,1
556,28,4
557,2,1
558,22,2
559,2,1
560,16,2
561,2,1
562,40,7
563,2,1
564,76,11
565,2,1
566,16,3
567,2,1
568,22,3
569,2,1
570,16,2
571,2,1
572,16,2
573,2,1
574,40,5
575,2,1
576,40,5
577,2,1
578,4,1
579,2,1
580,28,4
581,2,1
582,28,4
583,2,1
584,28,5
585,2,1
586,10,1
587,2,1
588,10,1
589,2,1
590,16,3
591,2,1
592,70,10
593,2,1
594,34,6
595,2,1
596,28,4
597,2,1
598,10,1
599,2,1
600,10,2
601,2,1
602,4,1
603,2,1
604,22,1
605,2,1
606,46,8
607,2,1
608,46,7
609,2,1
610,40,6
611,2,1
612,28,4
613,2,1
614,28,4
615,2,1
616,10,1
617,2,1
618,16,2
619,2,1
620,40,6
621,2,1
622,28,4
623,2,1
624,4,1
625,2,1
626,28,4
627,2,1
628,28,4
629,2,1
630,10,2
631,2,1
632,46,6
633,2,1
634,10,2
635,2,1
636,10,1
637,2,1
638,16,3
639,2,1
640,40,6
641,2,1
642,4,1
643,2,1
644,88,12
645,2,1
646,10,1
647,2,1
648,28,4
649,2,1
650,10,1
651,2,1
652,28,5
653,2,1
654,34,4
655,2,1
656,28,4
657,2,1
658,40,6
659,2,1
660,16,2
661,2,1
662,10,1
663,2,1
664,10,1
665,2,1
666,4,1
667,2,1
668,10,2
669,2,1
670,70,11
671,2,1
672,4,1
673,2,1
674,58,8
675,2,1
676,28,4
677,2,1
678,10,1
679,2,1
680,16,2
681,2,1
682,10,2
683,2,1
684,10,1
685,2,1
686,64,9
687,2,1
688,40,6
689,2,1
690,28,3
691,2,1
692,10,2
693,2,1
694,4,1
695,2,1
696,22,2
697,2,1
698,4,1
699,2,1
700,22,3
701,2,1
702,16,3
703,2,1
704,40,4
705,2,1
706,34,6
707,2,1
708,10,2
709,2,1
710,28,5
711,2,1
712,10,1
713,2,1
714,16,2
715,2,1
716,16,1
717,2,1
718,22,4
719,2,1
720,28,5
721,2,1
722,28,4
723,2,1
724,34,4
725,2,1
726,10,1
727,2,1
728,16,3
729,2,1
730,10,2
731,2,1
732,10,1
733,2,1
734,4,1
735,2,1
736,22,1
737,2,1
738,46,7
739,2,1
740,10,2
741,2,1
742,28,4
743,2,1
744,34,3
745,2,1
746,10,2
747,2,1
748,16,2
749,2,1
750,10,2
751,2,1
752,10,2
753,2,1
754,34,3
755,2,1
756,22,4
757,2,1
758,16,1
759,2,1
760,10,2
761,2,1
762,34,5
763,2,1
764,28,5
765,2,1
766,28,4
767,2,1
768,22,4
769,2,1
770,4,1
771,2,1
772,10,1
773,2,1
774,10,1
775,2,1
776,46,7
777,2,1
778,10,1
779,2,1
780,64,9
781,2,1
782,28,4
783,2,1
784,22,2
785,2,1
786,4,1
787,2,1
788,22,2
789,2,1
790,4,1
791,2,1
792,22,4
793,2,1
794,16,2
795,2,1
796,46,8
797,2,1
798,58,9
799,2,1
800,10,2
801,2,1
802,10,2
803,2,1
804,16,2
805,2,1
806,10,1
807,2,1
808,28,4
809,2,1
810,64,9
811,2,1
812,28,3
813,2,1
814,28,5
815,2,1
816,40,6
817,2,1
818,10,1
819,2,1
820,16,2
821,2,1
822,28,5
823,2,1
824,40,6
825,2,1
826,4,1
827,2,1
828,40,6
829,2,1
830,16,3
831,2,1
832,40,4
833,2,1
834,10,1
835,2,1
836,16,3
837,2,1
838,40,5
839,2,1
840,34,5
841,2,1
842,40,7
843,2,1
844,28,5
845,2,1
846,28,3
847,2,1
848,16,1
849,2,1
850,10,2
851,2,1
852,28,4
853,2,1
854,10,2
855,2,1
856,28,4
857,2,1
858,4,1
859,2,1
860,28,4
861,2,1
862,10,1
863,2,1
864,40,5
865,2,1
866,4,1
867,2,1
868,10,1
869,2,1
870,16,1
871,2,1
872,10,1
873,2,1
874,10,1
875,2,1
876,106,16
877,2,1
878,28,5
879,2,1
880,16,3
881,2,1
882,22,1
883,2,1
884,4,1
885,2,1
886,10,1
887,2,1
888,40,6
889,2,1
890,34,4
891,2,1
892,40,6
893,2,1
894,28,5
895,2,1
896,28,3
897,2,1
898,16,2
899,2,1
900,10,2
901,2,1
902,10,2
903,2,1
904,28,4
905,2,1
906,28,4
907,2,1
908,4,1
909,2,1
910,40,5
911,2,1
912,16,2
913,2,1
914,10,1
915,2,1
916,10,1
917,2,1
918,28,2
919,2,1
920,4,1
921,2,1
922,40,7
923,2,1
924,10,2
925,2,1
926,28,3
927,2,1
928,34,5
929,2,1
930,10,2
931,2,1
932,16,2
933,2,1
934,10,2
935,2,1
936,28,3
937,2,1
938,10,1
939,2,1
940,28,4
941,2,1
942,16,2
943,2,1
944,10,2
945,2,1
946,28,3
947,2,1
948,34,6
949,2,1
950,28,4
951,2,1
952,10,2
953,2,1
954,10,2
955,2,1
956,4,1
957,2,1
958,22,1
959,2,1
960,16,3
961,2,1
962,28,2
963,2,1
964,10,2
965,2,1
966,28,4
967,2,1
968,34,4
969,2,1
970,28,4
971,2,1
972,22,3
973,2,1
974,4,1
975,2,1
976,22,2
977,2,1
978,28,4
979,2,1
980,16,3
981,2,1
982,46,7
983,2,1
984,40,6
985,2,1
986,40,6
987,2,1
988,4,1
989,2,1
990,10,1
991,2,1
992,10,1
993,2,1
994,28,4
995,2,1
996,64,10
997,2,1
998,28,4
999,2,1
